<?xml version = '1.0' encoding = 'UTF-8'?>
<Diagram class="oracle.dbtools.crest.swingui.relational.DPVRelational" name="Relational" id="ADD12D92-19D3-78DD-A634-7CFB1F08AEA9">
<createdBy>Darius</createdBy>
<createdTime>2014-11-20 23:32:27 UTC</createdTime>
<autoRoute>false</autoRoute>
<boxInbox>true</boxInbox>
<showLegend>false</showLegend>
<showLabels>false</showLabels>
<showRelAttributes>false</showRelAttributes>
<showGrid>false</showGrid>
<diagramColor>-1</diagramColor>
<display>false</display>
<notation>1</notation>
<objectViews>
<OView class="oracle.dbtools.crest.swingui.relational.TVTable" oid="34A9BD79-7EAA-65AE-1FA4-3378A8D844F3" otype="Table" vid="1158DC3C-957E-9E30-F617-9BCD0A4C1D10">
<hideElementsInCurrentOnly>false</hideElementsInCurrentOnly>
<bounds x="511" y="141" width="200" height="74"/>
</OView>
<OView class="oracle.dbtools.crest.swingui.relational.TVTable" oid="4100CCD6-8C8A-CA19-4F9C-8CBEF0D9DBD0" otype="Table" vid="1B18DA87-4420-EE52-5790-7AB7C9C28A09">
<hideElementsInCurrentOnly>false</hideElementsInCurrentOnly>
<bounds x="0" y="0" width="241" height="144"/>
</OView>
<OView class="oracle.dbtools.crest.swingui.relational.TVTable" oid="72645915-D8D2-DBAA-6232-5EB023E2AF1E" otype="Table" vid="3C9B21DC-71AD-B80F-3569-0AB0E792818A">
<hideElementsInCurrentOnly>false</hideElementsInCurrentOnly>
<bounds x="304" y="91" width="149" height="88"/>
</OView>
<OView class="oracle.dbtools.crest.swingui.relational.TVTable" oid="7536F785-1AFD-3FE2-B28F-F0E0D9E1557B" otype="Table" vid="BBDA3D8C-4372-8D9D-7437-127C595BFAD1">
<hideElementsInCurrentOnly>false</hideElementsInCurrentOnly>
<bounds x="672" y="251" width="255" height="158"/>
</OView>
<OView class="oracle.dbtools.crest.swingui.relational.TVTable" oid="9238074C-72CC-0D30-FFF7-5578A41D064D" otype="Table" vid="441B8BCE-7C55-A0AE-3F30-78977A0D45F2">
<hideElementsInCurrentOnly>false</hideElementsInCurrentOnly>
<bounds x="290" y="240" width="200" height="74"/>
</OView>
<OView class="oracle.dbtools.crest.swingui.relational.TVTable" oid="A12C3156-53EF-9F9F-884E-8CC86809C9EA" otype="Table" vid="4144823B-F237-09E4-F271-4E1E841217D2">
<hideElementsInCurrentOnly>false</hideElementsInCurrentOnly>
<bounds x="0" y="214" width="227" height="200"/>
</OView>
<OView class="oracle.dbtools.crest.swingui.relational.TVTable" oid="D7310020-6063-E2F1-0BD4-F6DE8D43FDF0" otype="Table" vid="ABAF7F87-64DD-736F-8F5A-824ADDB33D8C">
<hideElementsInCurrentOnly>false</hideElementsInCurrentOnly>
<bounds x="543" y="0" width="233" height="130"/>
</OView>
</objectViews>
<connectors>
<Connector class="oracle.dbtools.crest.swingui.relational.TVFKRelation" oid="1547B7D6-7C7F-20F8-EFC9-49E3A3F8F75A" otype="FKIndexAssociation" vid_source="1B18DA87-4420-EE52-5790-7AB7C9C28A09" vid_target="ABAF7F87-64DD-736F-8F5A-824ADDB33D8C">
<hideElementsInCurrentOnly>false</hideElementsInCurrentOnly>
<lineWidth>1</lineWidth>
<points>
<point x="241" y="65"/>
<point x="543" y="65"/>
</points>
</Connector>
<Connector class="oracle.dbtools.crest.swingui.relational.TVFKRelation" oid="3456D824-2A5B-C699-4BB6-396BFAEEEAAC" otype="FKIndexAssociation" vid_source="1B18DA87-4420-EE52-5790-7AB7C9C28A09" vid_target="4144823B-F237-09E4-F271-4E1E841217D2">
<hideElementsInCurrentOnly>false</hideElementsInCurrentOnly>
<lineWidth>1</lineWidth>
<points>
<point x="113" y="144"/>
<point x="113" y="214"/>
</points>
</Connector>
<Connector class="oracle.dbtools.crest.swingui.relational.TVFKRelation" oid="75111A73-66CF-C359-A036-B773E62BC45B" otype="FKIndexAssociation" vid_source="ABAF7F87-64DD-736F-8F5A-824ADDB33D8C" vid_target="BBDA3D8C-4372-8D9D-7437-127C595BFAD1">
<hideElementsInCurrentOnly>false</hideElementsInCurrentOnly>
<lineWidth>1</lineWidth>
<points>
<point x="724" y="130"/>
<point x="724" y="251"/>
</points>
</Connector>
<Connector class="oracle.dbtools.crest.swingui.relational.TVFKRelation" oid="7E8BD227-F9C0-E270-2331-44D1620044E1" otype="FKIndexAssociation" vid_source="ABAF7F87-64DD-736F-8F5A-824ADDB33D8C" vid_target="1B18DA87-4420-EE52-5790-7AB7C9C28A09">
<hideElementsInCurrentOnly>false</hideElementsInCurrentOnly>
<lineWidth>1</lineWidth>
<points>
<point x="543" y="65"/>
<point x="241" y="65"/>
</points>
</Connector>
<Connector class="oracle.dbtools.crest.swingui.relational.TVFKRelation" oid="C29A3E9B-FC5C-EAB7-0EC5-DF34A523617F" otype="FKIndexAssociation" vid_source="441B8BCE-7C55-A0AE-3F30-78977A0D45F2" vid_target="4144823B-F237-09E4-F271-4E1E841217D2">
<hideElementsInCurrentOnly>false</hideElementsInCurrentOnly>
<lineWidth>1</lineWidth>
<points>
<point x="290" y="260"/>
<point x="227" y="259"/>
</points>
</Connector>
<Connector class="oracle.dbtools.crest.swingui.relational.TVFKRelation" oid="D36DE736-FD7A-75DC-06FB-40A39DBEEE4C" otype="FKIndexAssociation" vid_source="1158DC3C-957E-9E30-F617-9BCD0A4C1D10" vid_target="3C9B21DC-71AD-B80F-3569-0AB0E792818A">
<hideElementsInCurrentOnly>false</hideElementsInCurrentOnly>
<lineWidth>1</lineWidth>
<points>
<point x="511" y="160"/>
<point x="453" y="160"/>
</points>
</Connector>
<Connector class="oracle.dbtools.crest.swingui.relational.TVFKRelation" oid="F2446C0A-6519-D741-0533-DCB01FE06588" otype="FKIndexAssociation" vid_source="1B18DA87-4420-EE52-5790-7AB7C9C28A09" vid_target="3C9B21DC-71AD-B80F-3569-0AB0E792818A">
<hideElementsInCurrentOnly>false</hideElementsInCurrentOnly>
<lineWidth>1</lineWidth>
<points>
<point x="241" y="117"/>
<point x="304" y="117"/>
</points>
</Connector>
</connectors>
</Diagram>