<?xml version = '1.0' encoding = 'UTF-8'?>
<Diagram class="oracle.dbtools.crest.swingui.logical.DPVLogical" name="Logical" id="9DB675BC-7C04-0D5F-0DE3-BE561FC26CF3">
<createdBy>Darius</createdBy>
<createdTime>2014-11-02 20:34:41 UTC</createdTime>
<autoRoute>false</autoRoute>
<boxInbox>false</boxInbox>
<showLegend>false</showLegend>
<showLabels>false</showLabels>
<showRelAttributes>false</showRelAttributes>
<showGrid>false</showGrid>
<diagramColor>-1</diagramColor>
<display>false</display>
<notation>2</notation>
<objectViews>
<OView class="oracle.dbtools.crest.swingui.logical.TVEntity" oid="0FE33607-66FE-9A96-2942-8AC3BDE68C3C" otype="Entity" vid="2DE5B37C-970F-96A1-82FA-6F8BBA5CBFEA">
<hideElementsInCurrentOnly>false</hideElementsInCurrentOnly>
<bounds x="304" y="91" width="149" height="88"/>
</OView>
<OView class="oracle.dbtools.crest.swingui.logical.TVEntity" oid="2C4733BD-0AD2-7434-54D7-765844E6B564" otype="Entity" vid="24E56D35-158A-4C52-6910-909FFB8E3590">
<hideElementsInCurrentOnly>false</hideElementsInCurrentOnly>
<bounds x="0" y="0" width="241" height="144"/>
</OView>
<OView class="oracle.dbtools.crest.swingui.logical.TVEntity" oid="5F7C3F90-87C9-DEF9-0FD2-042702584FF2" otype="Entity" vid="6AAA85A3-9C3F-E9E6-9502-4EA4E675FC02">
<hideElementsInCurrentOnly>false</hideElementsInCurrentOnly>
<bounds x="0" y="214" width="227" height="200"/>
</OView>
<OView class="oracle.dbtools.crest.swingui.logical.TVEntity" oid="A65537C5-61A2-7C5F-A4F8-E91A9B25217B" otype="Entity" vid="9F5C4165-F952-9139-22DA-D9F7015B9943">
<hideElementsInCurrentOnly>false</hideElementsInCurrentOnly>
<bounds x="511" y="141" width="200" height="74"/>
</OView>
<OView class="oracle.dbtools.crest.swingui.logical.TVEntity" oid="B5758D33-43C2-CC04-64DC-59B5760B0C84" otype="Entity" vid="3FA71435-6DE3-C125-E722-78CFF0EEDC3C">
<hideElementsInCurrentOnly>false</hideElementsInCurrentOnly>
<bounds x="543" y="0" width="233" height="130"/>
</OView>
<OView class="oracle.dbtools.crest.swingui.logical.TVEntity" oid="C9DF38BD-C9BB-2D4E-ADE2-32E616D77006" otype="Entity" vid="37980737-9404-0F87-C392-42B0A8858F55">
<hideElementsInCurrentOnly>false</hideElementsInCurrentOnly>
<bounds x="290" y="240" width="200" height="74"/>
</OView>
<OView class="oracle.dbtools.crest.swingui.logical.TVEntity" oid="CB154279-ADB8-6EE3-7F7D-3AFEB2D71B99" otype="Entity" vid="F8B1C155-25EB-DBE6-BF4F-8357344A28F8">
<hideElementsInCurrentOnly>false</hideElementsInCurrentOnly>
<bounds x="672" y="251" width="255" height="158"/>
</OView>
<OView class="oracle.dbtools.crest.swingui.TVNote" oid="F4A23620-9A4B-9C7D-7905-C0C820FA2446" otype="Note" vid="12411B23-68AE-3942-FB32-69C511F4EEDB">
<hideElementsInCurrentOnly>false</hideElementsInCurrentOnly>
<bounds x="299" y="0" width="141" height="28"/>
</OView>
</objectViews>
<connectors>
<Connector class="oracle.dbtools.crest.swingui.logical.TVRelation" oid="38FA29C7-BA15-3E4F-E375-00B9C741B4BE" otype="Relation" vid_source="3FA71435-6DE3-C125-E722-78CFF0EEDC3C" vid_target="F8B1C155-25EB-DBE6-BF4F-8357344A28F8">
<hideElementsInCurrentOnly>false</hideElementsInCurrentOnly>
<lineWidth>1</lineWidth>
<points>
<point x="724" y="130"/>
<point x="724" y="251"/>
</points>
</Connector>
<Connector class="oracle.dbtools.crest.swingui.logical.TVRelation" oid="44139FCC-1C0A-0544-AC90-5FCB638357D1" otype="Relation" vid_source="24E56D35-158A-4C52-6910-909FFB8E3590" vid_target="3FA71435-6DE3-C125-E722-78CFF0EEDC3C">
<hideElementsInCurrentOnly>false</hideElementsInCurrentOnly>
<lineWidth>1</lineWidth>
<points>
<point x="241" y="65"/>
<point x="543" y="65"/>
</points>
</Connector>
<Connector class="oracle.dbtools.crest.swingui.logical.TVRelation" oid="4A5F04A5-0D96-ADB9-11C6-889C2C79A0FC" otype="Relation" vid_source="24E56D35-158A-4C52-6910-909FFB8E3590" vid_target="6AAA85A3-9C3F-E9E6-9502-4EA4E675FC02">
<hideElementsInCurrentOnly>false</hideElementsInCurrentOnly>
<lineWidth>1</lineWidth>
<points>
<point x="113" y="144"/>
<point x="113" y="214"/>
</points>
</Connector>
<Connector class="oracle.dbtools.crest.swingui.logical.TVRelation" oid="513D1198-9F86-DD3F-7071-5CFE4B125B33" otype="Relation" vid_source="9F5C4165-F952-9139-22DA-D9F7015B9943" vid_target="2DE5B37C-970F-96A1-82FA-6F8BBA5CBFEA">
<hideElementsInCurrentOnly>false</hideElementsInCurrentOnly>
<lineWidth>1</lineWidth>
<points>
<point x="511" y="160"/>
<point x="453" y="160"/>
</points>
</Connector>
<Connector class="oracle.dbtools.crest.swingui.logical.TVRelation" oid="7976F4FA-D5EA-D507-4E7D-4F99529061D8" otype="Relation" vid_source="24E56D35-158A-4C52-6910-909FFB8E3590" vid_target="2DE5B37C-970F-96A1-82FA-6F8BBA5CBFEA">
<hideElementsInCurrentOnly>false</hideElementsInCurrentOnly>
<lineWidth>1</lineWidth>
<points>
<point x="241" y="117"/>
<point x="304" y="117"/>
</points>
</Connector>
<Connector class="oracle.dbtools.crest.swingui.logical.TVRelation" oid="F28E8785-1180-13E2-CDE9-FE1EA491BAC8" otype="Relation" vid_source="37980737-9404-0F87-C392-42B0A8858F55" vid_target="6AAA85A3-9C3F-E9E6-9502-4EA4E675FC02">
<hideElementsInCurrentOnly>false</hideElementsInCurrentOnly>
<lineWidth>1</lineWidth>
<points>
<point x="290" y="260"/>
<point x="227" y="259"/>
</points>
</Connector>
</connectors>
</Diagram>