<?xml version = '1.0' encoding = 'UTF-8'?>
<Relation class="oracle.dbtools.crest.model.design.logical.Relation" name="1Player_MDocument" directorySegmentName="seg_0" id="57E391BC-25B7-55C4-F1E1-83C095D248F7">
<createdBy>Darius</createdBy>
<createdTime>2014-11-21 03:40:58 UTC</createdTime>
<ownerDesignName>Minecraft_CM</ownerDesignName>
<engineerTo>
<item key="7C2AE43E-F97A-3824-6212-FCA38BE69E03" value="true"/>
</engineerTo>
<sourcePk>4C66003F-1510-DD79-B38E-A143D61635DA</sourcePk>
<identifying>false</identifying>
<optionalSource>true</optionalSource>
<optionalTarget>true</optionalTarget>
<sourceCardinality>1</sourceCardinality>
<sourceEntity>141D5BBB-B452-4D38-8648-92F4942D792E</sourceEntity>
<targetCardinalityString>*</targetCardinalityString>
<targetEntity>7A0136BA-054F-4F1F-CE85-715C2AA6A605</targetEntity>
<transferable>true</transferable>
<deleteRule>NO ACTION</deleteRule>
</Relation>