<?xml version = '1.0' encoding = 'UTF-8'?>
<Relation class="oracle.dbtools.crest.model.design.logical.Relation" name="1Material_MWeapon" directorySegmentName="seg_0" id="6A00E953-3D61-6367-7E2E-CFAFA3BEC533">
<createdBy>Darius</createdBy>
<createdTime>2014-11-21 02:06:19 UTC</createdTime>
<ownerDesignName>Minecraft_CM</ownerDesignName>
<engineerTo>
<item key="7C2AE43E-F97A-3824-6212-FCA38BE69E03" value="true"/>
</engineerTo>
<sourcePk>CC2E81D6-E8E0-2DDC-C1EE-938E76046C27</sourcePk>
<identifying>false</identifying>
<optionalSource>true</optionalSource>
<optionalTarget>true</optionalTarget>
<sourceCardinality>1</sourceCardinality>
<sourceEntity>4FF8ACA5-A756-77FD-895D-AFA87F7FE5E3</sourceEntity>
<targetCardinalityString>*</targetCardinalityString>
<targetEntity>C9AC673D-1B1F-52FE-97A5-9A1B7E3CEBCC</targetEntity>
<transferable>true</transferable>
<deleteRule>NO ACTION</deleteRule>
</Relation>