<?xml version = '1.0' encoding = 'UTF-8'?>
<Relation class="oracle.dbtools.crest.model.design.logical.Relation" name="1Material_MArmor" directorySegmentName="seg_0" id="81BF8B69-0DDB-2002-3DCF-DBC7086B40D4">
<createdBy>Darius</createdBy>
<createdTime>2014-11-21 02:06:31 UTC</createdTime>
<ownerDesignName>Minecraft_CM</ownerDesignName>
<engineerTo>
<item key="7C2AE43E-F97A-3824-6212-FCA38BE69E03" value="true"/>
</engineerTo>
<sourcePk>CC2E81D6-E8E0-2DDC-C1EE-938E76046C27</sourcePk>
<identifying>false</identifying>
<optionalSource>true</optionalSource>
<optionalTarget>true</optionalTarget>
<sourceCardinality>1</sourceCardinality>
<sourceEntity>4FF8ACA5-A756-77FD-895D-AFA87F7FE5E3</sourceEntity>
<targetCardinalityString>*</targetCardinalityString>
<targetEntity>2335BA31-41A3-230F-0A1E-E668A9BE14CB</targetEntity>
<transferable>true</transferable>
<deleteRule>NO ACTION</deleteRule>
</Relation>