<?xml version = '1.0' encoding = 'UTF-8'?>
<Relation class="oracle.dbtools.crest.model.design.logical.Relation" name="1Avatar_1Player" directorySegmentName="seg_0" id="BE63A08D-1883-0603-1186-66F0AC29E575">
<createdBy>Darius</createdBy>
<createdTime>2014-11-21 03:39:48 UTC</createdTime>
<ownerDesignName>Minecraft_CM</ownerDesignName>
<engineerTo>
<item key="7C2AE43E-F97A-3824-6212-FCA38BE69E03" value="true"/>
</engineerTo>
<sourcePk>D48FB196-2E2A-2921-1319-F11C531AAD80</sourcePk>
<targetPk>4C66003F-1510-DD79-B38E-A143D61635DA</targetPk>
<identifying>false</identifying>
<optionalSource>true</optionalSource>
<optionalTarget>true</optionalTarget>
<sourceCardinality>1</sourceCardinality>
<sourceEntity>1CA5BD4B-F9A4-83C4-2B64-788A71ABAAFA</sourceEntity>
<targetCardinalityString>1</targetCardinalityString>
<targetEntity>141D5BBB-B452-4D38-8648-92F4942D792E</targetEntity>
<transferable>true</transferable>
<deleteRule>NO ACTION</deleteRule>
</Relation>