<?xml version = '1.0' encoding = 'UTF-8'?>
<Relation class="oracle.dbtools.crest.model.design.logical.Relation" name="1Material_MTool" directorySegmentName="seg_0" id="C222FBCD-42D9-87F2-50FE-DEC81AAC4562">
<createdBy>Darius</createdBy>
<createdTime>2014-11-21 02:06:38 UTC</createdTime>
<ownerDesignName>Minecraft_CM</ownerDesignName>
<engineerTo>
<item key="7C2AE43E-F97A-3824-6212-FCA38BE69E03" value="true"/>
</engineerTo>
<sourcePk>CC2E81D6-E8E0-2DDC-C1EE-938E76046C27</sourcePk>
<identifying>false</identifying>
<optionalSource>true</optionalSource>
<optionalTarget>true</optionalTarget>
<sourceCardinality>1</sourceCardinality>
<sourceEntity>4FF8ACA5-A756-77FD-895D-AFA87F7FE5E3</sourceEntity>
<targetCardinalityString>*</targetCardinalityString>
<targetEntity>71E380F0-21B5-3D3B-59A8-BDA897BE3E87</targetEntity>
<transferable>true</transferable>
<deleteRule>NO ACTION</deleteRule>
</Relation>