<?xml version = '1.0' encoding = 'UTF-8'?>
<Relation class="oracle.dbtools.crest.model.design.logical.Relation" name="MAvatar_MChunk" directorySegmentName="seg_0" id="C8241679-6A2E-1412-CDF7-A093D683182D">
<createdBy>Darius</createdBy>
<createdTime>2014-11-21 03:19:11 UTC</createdTime>
<ownerDesignName>Minecraft_CM</ownerDesignName>
<engineerTo>
<item key="7C2AE43E-F97A-3824-6212-FCA38BE69E03" value="true"/>
</engineerTo>
<identifying>false</identifying>
<optionalSource>true</optionalSource>
<optionalTarget>true</optionalTarget>
<sourceCardinality>*</sourceCardinality>
<sourceEntity>1CA5BD4B-F9A4-83C4-2B64-788A71ABAAFA</sourceEntity>
<targetCardinalityString>*</targetCardinalityString>
<targetEntity>F9C68E6C-90FC-D8A9-D838-83F83D57C9F0</targetEntity>
<transferable>true</transferable>
<deleteRule>NO ACTION</deleteRule>
</Relation>