<?xml version = '1.0' encoding = 'UTF-8'?>
<Relation class="oracle.dbtools.crest.model.design.logical.Relation" name="1Avatar_MItem" directorySegmentName="seg_0" id="E20004A6-0BD8-1FF3-C373-5061DDD628D7">
<createdBy>Darius</createdBy>
<createdTime>2014-11-21 03:21:33 UTC</createdTime>
<ownerDesignName>Minecraft_CM</ownerDesignName>
<engineerTo>
<item key="7C2AE43E-F97A-3824-6212-FCA38BE69E03" value="true"/>
</engineerTo>
<sourcePk>D48FB196-2E2A-2921-1319-F11C531AAD80</sourcePk>
<identifying>false</identifying>
<optionalSource>true</optionalSource>
<optionalTarget>true</optionalTarget>
<sourceCardinality>1</sourceCardinality>
<sourceEntity>1CA5BD4B-F9A4-83C4-2B64-788A71ABAAFA</sourceEntity>
<targetCardinalityString>*</targetCardinalityString>
<targetEntity>16C927AB-7949-E12E-84BF-57D2222B7740</targetEntity>
<transferable>true</transferable>
<deleteRule>NO ACTION</deleteRule>
</Relation>