<?xml version = '1.0' encoding = 'UTF-8'?>
<Table class="oracle.dbtools.crest.model.design.relational.Table" directorySegmentName="seg_0" id="34A9BD79-7EAA-65AE-1FA4-3378A8D844F3" name="MC_Chunk">
<createdBy>Darius</createdBy>
<createdTime>2014-11-21 04:02:33 UTC</createdTime>
<generatorID>A65537C5-61A2-7C5F-A4F8-E91A9B25217B</generatorID>
<ownerDesignName>Minecraft_LM</ownerDesignName>
<allowColumnReorder>false</allowColumnReorder>
<existDependencyGenerateInDDl>true</existDependencyGenerateInDDl>
<columns itemClass="oracle.dbtools.crest.model.design.relational.Column">
<Column name="id" id="2555C5BB-FBF2-8806-4D7B-19ECFB8FC165">
<createdBy>Darius</createdBy>
<createdTime>2014-11-21 04:02:33 UTC</createdTime>
<generatorID>692C9511-EBFD-9F96-FADE-FC8C29015EEE</generatorID>
<ownerDesignName>Minecraft_LM</ownerDesignName>
<useDomainConstraints>false</useDomainConstraints>
<use>1</use>
<logicalDatatype>LOGDT011</logicalDatatype>
<autoIncrementCycle>false</autoIncrementCycle>
</Column>
<Column name="name" id="58CC4805-5246-607D-580A-4DC26ED5FE9D">
<createdBy>Darius</createdBy>
<createdTime>2014-11-21 04:02:33 UTC</createdTime>
<generatorID>43015775-3A26-5F29-8278-3E55C8A6C69C</generatorID>
<ownerDesignName>Minecraft_LM</ownerDesignName>
<nullsAllowed>true</nullsAllowed>
<useDomainConstraints>false</useDomainConstraints>
<use>1</use>
<logicalDatatype>LOGDT024</logicalDatatype>
<dataTypeSize>64 CHAR</dataTypeSize>
<autoIncrementCycle>false</autoIncrementCycle>
</Column>
</columns>
<indexes itemClass="oracle.dbtools.crest.model.design.relational.Index">
<ind_PK_UK id="8FC2046F-CD65-BD35-228A-A76AC4EFD83F" name="MC_Chunk_PK">
<createdBy>Darius</createdBy>
<createdTime>2014-11-21 04:02:33 UTC</createdTime>
<generatorID>1524006C-F1EE-F6C4-B23D-8F90AB8E1079</generatorID>
<ownerDesignName>Minecraft_LM</ownerDesignName>
<pk>true</pk>
<indexState>Primary Constraint</indexState>
<isSurrogateKey>false</isSurrogateKey>
<indexColumnUsage>
<colUsage columnID="2555C5BB-FBF2-8806-4D7B-19ECFB8FC165"/>
</indexColumnUsage>
</ind_PK_UK>
</indexes>
</Table>