<?xml version = '1.0' encoding = 'UTF-8'?>
<Table class="oracle.dbtools.crest.model.design.relational.Table" directorySegmentName="seg_0" id="4100CCD6-8C8A-CA19-4F9C-8CBEF0D9DBD0" name="MC_Avatar">
<createdBy>Darius</createdBy>
<createdTime>2014-11-21 04:02:33 UTC</createdTime>
<generatorID>2C4733BD-0AD2-7434-54D7-765844E6B564</generatorID>
<ownerDesignName>Minecraft_LM</ownerDesignName>
<allowColumnReorder>false</allowColumnReorder>
<existDependencyGenerateInDDl>true</existDependencyGenerateInDDl>
<columns itemClass="oracle.dbtools.crest.model.design.relational.Column">
<Column name="id" id="10380908-F5F9-0405-18C0-6CC82019BFB1">
<createdBy>Darius</createdBy>
<createdTime>2014-11-21 04:02:33 UTC</createdTime>
<generatorID>EB42896A-61F3-FD93-EFBF-EA1024E22241</generatorID>
<ownerDesignName>Minecraft_LM</ownerDesignName>
<useDomainConstraints>false</useDomainConstraints>
<use>1</use>
<logicalDatatype>LOGDT011</logicalDatatype>
<autoIncrementCycle>false</autoIncrementCycle>
</Column>
<Column name="name" id="C9F2ACD2-0B59-5038-943A-28FBCBD9B454">
<createdBy>Darius</createdBy>
<createdTime>2014-11-21 04:02:33 UTC</createdTime>
<generatorID>0EA27CB1-DB91-31E3-7321-CA9B401449E8</generatorID>
<ownerDesignName>Minecraft_LM</ownerDesignName>
<nullsAllowed>true</nullsAllowed>
<useDomainConstraints>false</useDomainConstraints>
<use>1</use>
<logicalDatatype>LOGDT024</logicalDatatype>
<dataTypeSize>64 CHAR</dataTypeSize>
<autoIncrementCycle>false</autoIncrementCycle>
</Column>
<Column name="health" id="AA4E5D59-1249-3DAB-3F6D-372556C48EF2">
<createdBy>Darius</createdBy>
<createdTime>2014-11-21 04:02:33 UTC</createdTime>
<generatorID>740AF726-9B04-2D18-B2AF-19D7F62C8E2D</generatorID>
<ownerDesignName>Minecraft_LM</ownerDesignName>
<nullsAllowed>true</nullsAllowed>
<useDomainConstraints>false</useDomainConstraints>
<use>1</use>
<logicalDatatype>LOGDT011</logicalDatatype>
<autoIncrementCycle>false</autoIncrementCycle>
</Column>
<Column name="current_spawn" id="F50DA66D-C69A-B2A4-B8AD-2F76CE75E0F1">
<createdBy>Darius</createdBy>
<createdTime>2014-11-21 04:02:33 UTC</createdTime>
<generatorID>C0F76FC1-4C40-5EC8-B32F-D6E9DFEA630D</generatorID>
<ownerDesignName>Minecraft_LM</ownerDesignName>
<nullsAllowed>true</nullsAllowed>
<useDomainConstraints>false</useDomainConstraints>
<use>1</use>
<logicalDatatype>LOGDT024</logicalDatatype>
<dataTypeSize>16 CHAR</dataTypeSize>
<autoIncrementCycle>false</autoIncrementCycle>
</Column>
<Column name="hunger" id="65A6F672-B0C2-A1F1-15A4-3FE736881D42">
<createdBy>Darius</createdBy>
<createdTime>2014-11-21 04:02:33 UTC</createdTime>
<generatorID>C0808FEF-5724-9366-3BAB-0802961B9F2D</generatorID>
<ownerDesignName>Minecraft_LM</ownerDesignName>
<nullsAllowed>true</nullsAllowed>
<useDomainConstraints>false</useDomainConstraints>
<use>1</use>
<logicalDatatype>LOGDT011</logicalDatatype>
<autoIncrementCycle>false</autoIncrementCycle>
</Column>
<Column name="experience" id="A3B7AA23-B696-DC75-9492-135809BAB376">
<createdBy>Darius</createdBy>
<createdTime>2014-11-21 04:02:33 UTC</createdTime>
<generatorID>17749DA2-3D63-24B2-3FA2-D405DA82B3B6</generatorID>
<ownerDesignName>Minecraft_LM</ownerDesignName>
<nullsAllowed>true</nullsAllowed>
<useDomainConstraints>false</useDomainConstraints>
<use>1</use>
<logicalDatatype>LOGDT011</logicalDatatype>
<autoIncrementCycle>false</autoIncrementCycle>
</Column>
<Column name="MC_Player_id" id="B708A54C-AAFC-816B-062E-E85B26E69117">
<createdBy>Darius</createdBy>
<createdTime>2014-11-21 04:02:33 UTC</createdTime>
<generatorID>72DC3310-4290-3F29-80C8-7D1739F02A20</generatorID>
<ownerDesignName>Minecraft_LM</ownerDesignName>
<nullsAllowed>true</nullsAllowed>
<useDomainConstraints>false</useDomainConstraints>
<use>1</use>
<logicalDatatype>LOGDT011</logicalDatatype>
<delegate>8C6811AC-34DD-6620-626E-4C10499A0B92</delegate>
<previousColumn>false</previousColumn>
<autoIncrementCycle>false</autoIncrementCycle>
<associations>
<colAssociation fkAssociation="7E8BD227-F9C0-E270-2331-44D1620044E1" referredColumn="8C6811AC-34DD-6620-626E-4C10499A0B92"/>
</associations>
</Column>
</columns>
<indexes itemClass="oracle.dbtools.crest.model.design.relational.Index">
<ind_PK_UK id="8C48A268-A601-7B6E-43F9-1FF798F0CDDB" name="MC_Avatar_PK">
<createdBy>Darius</createdBy>
<createdTime>2014-11-21 04:02:33 UTC</createdTime>
<generatorID>9977DC63-4330-9043-2418-25518EE2D316</generatorID>
<ownerDesignName>Minecraft_LM</ownerDesignName>
<pk>true</pk>
<indexState>Primary Constraint</indexState>
<isSurrogateKey>false</isSurrogateKey>
<indexColumnUsage>
<colUsage columnID="10380908-F5F9-0405-18C0-6CC82019BFB1"/>
</indexColumnUsage>
</ind_PK_UK>
<ind_PK_UK id="6E0D1BF4-B9EF-EEFB-E248-F607D9B49B00" name="MC_Avatar__IDX">
<createdBy>Darius</createdBy>
<createdTime>2014-11-21 04:02:33 UTC</createdTime>
<ownerDesignName>Minecraft_LM</ownerDesignName>
<indexState>Unique Plain Index</indexState>
<isSurrogateKey>false</isSurrogateKey>
<relationGeneratorID>44139FCC-1C0A-0544-AC90-5FCB638357D1</relationGeneratorID>
<indexColumnUsage>
<colUsage columnID="B708A54C-AAFC-816B-062E-E85B26E69117"/>
</indexColumnUsage>
</ind_PK_UK>
<ind_PK_UK id="85F48873-0BEB-B2EE-630C-22BFD9300848" name="MC_Avatar_MC_Player_FK">
<createdBy>Darius</createdBy>
<createdTime>2014-11-21 04:02:33 UTC</createdTime>
<generatorID>44139FCC-1C0A-0544-AC90-5FCB638357D1</generatorID>
<ownerDesignName>Minecraft_LM</ownerDesignName>
<indexState>Foreign Key</indexState>
<isSurrogateKey>false</isSurrogateKey>
<indexColumnUsage>
<colUsage columnID="B708A54C-AAFC-816B-062E-E85B26E69117"/>
</indexColumnUsage>
</ind_PK_UK>
</indexes>
</Table>