<?xml version = '1.0' encoding = 'UTF-8'?>
<Table class="oracle.dbtools.crest.model.design.relational.Table" directorySegmentName="seg_0" id="72645915-D8D2-DBAA-6232-5EB023E2AF1E" name="MC_Ownership">
<createdBy>Darius</createdBy>
<createdTime>2014-11-21 04:02:33 UTC</createdTime>
<generatorID>0FE33607-66FE-9A96-2942-8AC3BDE68C3C</generatorID>
<ownerDesignName>Minecraft_LM</ownerDesignName>
<allowColumnReorder>false</allowColumnReorder>
<existDependencyGenerateInDDl>true</existDependencyGenerateInDDl>
<columns itemClass="oracle.dbtools.crest.model.design.relational.Column">
<Column name="id" id="717701D3-C43B-D4DB-A831-957366742CD7">
<createdBy>Darius</createdBy>
<createdTime>2014-11-21 04:02:33 UTC</createdTime>
<generatorID>2905F446-35CC-182A-2066-7289855BBFCB</generatorID>
<ownerDesignName>Minecraft_LM</ownerDesignName>
<useDomainConstraints>false</useDomainConstraints>
<use>1</use>
<logicalDatatype>LOGDT011</logicalDatatype>
<autoIncrementCycle>false</autoIncrementCycle>
</Column>
<Column name="MC_Avatar_id" id="524C94D3-655E-D175-277C-660CB8686270">
<createdBy>Darius</createdBy>
<createdTime>2014-11-21 04:02:33 UTC</createdTime>
<generatorID>5EDBF5B9-9F88-74B4-6663-13DA6A040C4F</generatorID>
<ownerDesignName>Minecraft_LM</ownerDesignName>
<nullsAllowed>true</nullsAllowed>
<useDomainConstraints>false</useDomainConstraints>
<use>1</use>
<logicalDatatype>LOGDT011</logicalDatatype>
<delegate>10380908-F5F9-0405-18C0-6CC82019BFB1</delegate>
<previousColumn>false</previousColumn>
<autoIncrementCycle>false</autoIncrementCycle>
<associations>
<colAssociation fkAssociation="F2446C0A-6519-D741-0533-DCB01FE06588" referredColumn="10380908-F5F9-0405-18C0-6CC82019BFB1"/>
</associations>
</Column>
<Column name="MC_Chunk_id" id="431D20A1-11B6-0147-3A24-C228FB49DDE4">
<createdBy>Darius</createdBy>
<createdTime>2014-11-21 04:02:33 UTC</createdTime>
<generatorID>87ECD220-8FB7-55C3-E983-42C5B6FBEA3D</generatorID>
<ownerDesignName>Minecraft_LM</ownerDesignName>
<nullsAllowed>true</nullsAllowed>
<useDomainConstraints>false</useDomainConstraints>
<use>1</use>
<logicalDatatype>LOGDT011</logicalDatatype>
<delegate>2555C5BB-FBF2-8806-4D7B-19ECFB8FC165</delegate>
<previousColumn>false</previousColumn>
<autoIncrementCycle>false</autoIncrementCycle>
<associations>
<colAssociation fkAssociation="D36DE736-FD7A-75DC-06FB-40A39DBEEE4C" referredColumn="2555C5BB-FBF2-8806-4D7B-19ECFB8FC165"/>
</associations>
</Column>
</columns>
<indexes itemClass="oracle.dbtools.crest.model.design.relational.Index">
<ind_PK_UK id="79DF51CB-8FC8-9AA9-E588-1C16E68A0E20" name="MC_Ownership_PK">
<createdBy>Darius</createdBy>
<createdTime>2014-11-21 04:02:33 UTC</createdTime>
<generatorID>0CB72EFD-EFAA-4F5A-57DD-956CAEB06244</generatorID>
<ownerDesignName>Minecraft_LM</ownerDesignName>
<pk>true</pk>
<indexState>Primary Constraint</indexState>
<isSurrogateKey>false</isSurrogateKey>
<indexColumnUsage>
<colUsage columnID="717701D3-C43B-D4DB-A831-957366742CD7"/>
</indexColumnUsage>
</ind_PK_UK>
<ind_PK_UK id="9785E3AA-EE0B-2F1F-9A43-A13585953503" name="MC_Ownership_MC_Avatar_FK">
<createdBy>Darius</createdBy>
<createdTime>2014-11-21 04:02:33 UTC</createdTime>
<generatorID>7976F4FA-D5EA-D507-4E7D-4F99529061D8</generatorID>
<ownerDesignName>Minecraft_LM</ownerDesignName>
<indexState>Foreign Key</indexState>
<isSurrogateKey>false</isSurrogateKey>
<indexColumnUsage>
<colUsage columnID="524C94D3-655E-D175-277C-660CB8686270"/>
</indexColumnUsage>
</ind_PK_UK>
<ind_PK_UK id="4389ED06-52C5-E86C-30B4-8EE78F9BE329" name="MC_Ownership_MC_Chunk_FK">
<createdBy>Darius</createdBy>
<createdTime>2014-11-21 04:02:33 UTC</createdTime>
<generatorID>513D1198-9F86-DD3F-7071-5CFE4B125B33</generatorID>
<ownerDesignName>Minecraft_LM</ownerDesignName>
<indexState>Foreign Key</indexState>
<isSurrogateKey>false</isSurrogateKey>
<indexColumnUsage>
<colUsage columnID="431D20A1-11B6-0147-3A24-C228FB49DDE4"/>
</indexColumnUsage>
</ind_PK_UK>
</indexes>
</Table>