<?xml version = '1.0' encoding = 'UTF-8'?>
<Table class="oracle.dbtools.crest.model.design.relational.Table" directorySegmentName="seg_0" id="7536F785-1AFD-3FE2-B28F-F0E0D9E1557B" name="MC_Document">
<createdBy>Darius</createdBy>
<createdTime>2014-11-21 04:02:33 UTC</createdTime>
<generatorID>CB154279-ADB8-6EE3-7F7D-3AFEB2D71B99</generatorID>
<notes>create or replace &lt;br/&gt;TRIGGER  CREO_document&lt;br/&gt;   before insert or update on CREO_document&lt;br/&gt;   for each row&lt;br/&gt;begin&lt;br/&gt;   if :new.document_id is null then&lt;br/&gt;     select CREO_document_seq.nextval() into :new.document_id from dual;&lt;br/&gt;   end if;&lt;br/&gt;   if inserting then&lt;br/&gt;       :new.created := localtimestamp;&lt;br/&gt;       :new.row_version_number := 1;&lt;br/&gt;   elsif updating then&lt;br/&gt;       :new.row_version_number := nvl(:old.row_version_number,1) + 1;&lt;br/&gt;   end if;&lt;br/&gt;   if inserting or updating then&lt;br/&gt;       :new.updated := localtimestamp;&lt;br/&gt;   end if;&lt;br/&gt;end;</notes>
<ownerDesignName>Minecraft_LM</ownerDesignName>
<allowColumnReorder>false</allowColumnReorder>
<existDependencyGenerateInDDl>true</existDependencyGenerateInDDl>
<columns itemClass="oracle.dbtools.crest.model.design.relational.Column">
<Column name="id" id="457ADC57-70B1-8CF6-2143-708558017A6D">
<createdBy>Darius</createdBy>
<createdTime>2014-11-21 04:02:33 UTC</createdTime>
<generatorID>6EF9010C-89FB-5320-F05A-423C38008611</generatorID>
<ownerDesignName>Minecraft_LM</ownerDesignName>
<useDomainConstraints>false</useDomainConstraints>
<use>1</use>
<logicalDatatype>LOGDT011</logicalDatatype>
<autoIncrementCycle>false</autoIncrementCycle>
</Column>
<Column name="file_name" id="603DF8A6-8F04-2A0B-AE7D-0AD365065AAA">
<createdBy>Darius</createdBy>
<createdTime>2014-11-21 04:02:33 UTC</createdTime>
<generatorID>7B45440B-42DF-E9C3-ED77-527C5AD901CE</generatorID>
<ownerDesignName>Minecraft_LM</ownerDesignName>
<nullsAllowed>true</nullsAllowed>
<useDomainConstraints>false</useDomainConstraints>
<use>1</use>
<logicalDatatype>LOGDT024</logicalDatatype>
<dataTypeSize>4000 BYTE</dataTypeSize>
<autoIncrementCycle>false</autoIncrementCycle>
</Column>
<Column name="file_mimetype" id="5EA86BBF-195F-7BAE-A45B-F906CD69A060">
<createdBy>Darius</createdBy>
<createdTime>2014-11-21 04:02:33 UTC</createdTime>
<generatorID>B4716E50-455C-952E-9B58-2B94FDDF8EEE</generatorID>
<ownerDesignName>Minecraft_LM</ownerDesignName>
<nullsAllowed>true</nullsAllowed>
<useDomainConstraints>false</useDomainConstraints>
<use>1</use>
<logicalDatatype>LOGDT024</logicalDatatype>
<dataTypeSize>512</dataTypeSize>
<autoIncrementCycle>false</autoIncrementCycle>
</Column>
<Column name="file_charset" id="60F48A8A-8AA3-ACDF-10D7-90B5E3669BB8">
<createdBy>Darius</createdBy>
<createdTime>2014-11-21 04:02:33 UTC</createdTime>
<generatorID>FFCA75FF-17C3-010A-1B9E-AEC94038A42D</generatorID>
<ownerDesignName>Minecraft_LM</ownerDesignName>
<nullsAllowed>true</nullsAllowed>
<useDomainConstraints>false</useDomainConstraints>
<use>1</use>
<logicalDatatype>LOGDT024</logicalDatatype>
<dataTypeSize>512</dataTypeSize>
<autoIncrementCycle>false</autoIncrementCycle>
</Column>
<Column name="file_data" id="059684DF-AEA3-9969-63BD-757502D288D0">
<createdBy>Darius</createdBy>
<createdTime>2014-11-21 04:02:33 UTC</createdTime>
<generatorID>85311D36-2AD0-B051-F09C-BE44D5AB8857</generatorID>
<ownerDesignName>Minecraft_LM</ownerDesignName>
<nullsAllowed>true</nullsAllowed>
<useDomainConstraints>false</useDomainConstraints>
<use>1</use>
<logicalDatatype>LOGDT029</logicalDatatype>
<autoIncrementCycle>false</autoIncrementCycle>
</Column>
<Column name="file_comments" id="910EB746-B0C6-0634-46F8-9477AE80B5CB">
<createdBy>Darius</createdBy>
<createdTime>2014-11-21 04:02:33 UTC</createdTime>
<generatorID>A1D6309C-EDBC-B90A-1F42-32B4D0026695</generatorID>
<ownerDesignName>Minecraft_LM</ownerDesignName>
<nullsAllowed>true</nullsAllowed>
<useDomainConstraints>false</useDomainConstraints>
<use>1</use>
<logicalDatatype>LOGDT024</logicalDatatype>
<dataTypeSize>4000</dataTypeSize>
<autoIncrementCycle>false</autoIncrementCycle>
</Column>
<Column name="tags" id="AC5718D2-1A5F-D74F-E4AF-A2DCCFB0E692">
<createdBy>Darius</createdBy>
<createdTime>2014-11-21 04:02:33 UTC</createdTime>
<generatorID>5465990C-36A6-1E56-AB16-970217F359FF</generatorID>
<ownerDesignName>Minecraft_LM</ownerDesignName>
<nullsAllowed>true</nullsAllowed>
<useDomainConstraints>false</useDomainConstraints>
<use>1</use>
<logicalDatatype>LOGDT024</logicalDatatype>
<dataTypeSize>4000</dataTypeSize>
<autoIncrementCycle>false</autoIncrementCycle>
</Column>
<Column name="MC_Player_id" id="91899B38-2DF3-DB09-E225-7833A61746F1">
<createdBy>Darius</createdBy>
<createdTime>2014-11-21 04:02:33 UTC</createdTime>
<generatorID>AAB2F662-F79F-0268-280F-4B8CEBA4568A</generatorID>
<ownerDesignName>Minecraft_LM</ownerDesignName>
<nullsAllowed>true</nullsAllowed>
<useDomainConstraints>false</useDomainConstraints>
<use>1</use>
<logicalDatatype>LOGDT011</logicalDatatype>
<delegate>8C6811AC-34DD-6620-626E-4C10499A0B92</delegate>
<previousColumn>false</previousColumn>
<autoIncrementCycle>false</autoIncrementCycle>
<associations>
<colAssociation fkAssociation="75111A73-66CF-C359-A036-B773E62BC45B" referredColumn="8C6811AC-34DD-6620-626E-4C10499A0B92"/>
</associations>
</Column>
</columns>
<indexes itemClass="oracle.dbtools.crest.model.design.relational.Index">
<ind_PK_UK id="BE4681D9-5CA8-01FA-CD9B-C625FE2AAC7F" name="MC_Document_PK">
<createdBy>Darius</createdBy>
<createdTime>2014-11-21 04:02:33 UTC</createdTime>
<generatorID>C9B6F839-3FE3-5076-8B85-8EC9F3F6AADB</generatorID>
<ownerDesignName>Minecraft_LM</ownerDesignName>
<pk>true</pk>
<indexState>Primary Constraint</indexState>
<isSurrogateKey>false</isSurrogateKey>
<indexColumnUsage>
<colUsage columnID="457ADC57-70B1-8CF6-2143-708558017A6D"/>
</indexColumnUsage>
</ind_PK_UK>
<ind_PK_UK id="354CC800-E681-B72C-DF0C-8177BD07F232" name="MC_Document_MC_Player_FK">
<createdBy>Darius</createdBy>
<createdTime>2014-11-21 04:02:33 UTC</createdTime>
<generatorID>38FA29C7-BA15-3E4F-E375-00B9C741B4BE</generatorID>
<ownerDesignName>Minecraft_LM</ownerDesignName>
<indexState>Foreign Key</indexState>
<isSurrogateKey>false</isSurrogateKey>
<indexColumnUsage>
<colUsage columnID="91899B38-2DF3-DB09-E225-7833A61746F1"/>
</indexColumnUsage>
</ind_PK_UK>
</indexes>
</Table>