<?xml version = '1.0' encoding = 'UTF-8'?>
<Table class="oracle.dbtools.crest.model.design.relational.Table" directorySegmentName="seg_0" id="9238074C-72CC-0D30-FFF7-5578A41D064D" name="MC_Material">
<createdBy>Darius</createdBy>
<createdTime>2014-11-21 04:02:33 UTC</createdTime>
<generatorID>C9DF38BD-C9BB-2D4E-ADE2-32E616D77006</generatorID>
<ownerDesignName>Minecraft_LM</ownerDesignName>
<allowColumnReorder>false</allowColumnReorder>
<existDependencyGenerateInDDl>true</existDependencyGenerateInDDl>
<columns itemClass="oracle.dbtools.crest.model.design.relational.Column">
<Column name="id" id="D40906C8-D1C8-566D-AA84-075DE8CC0A7D">
<createdBy>Darius</createdBy>
<createdTime>2014-11-21 04:02:33 UTC</createdTime>
<generatorID>DC23B6A5-7FEF-33A5-B044-9B561D85BB43</generatorID>
<ownerDesignName>Minecraft_LM</ownerDesignName>
<useDomainConstraints>false</useDomainConstraints>
<use>1</use>
<logicalDatatype>LOGDT011</logicalDatatype>
<autoIncrementCycle>false</autoIncrementCycle>
</Column>
<Column name="name" id="F0AF9D58-F14D-7D31-FA88-C08F1EFA0E78">
<createdBy>Darius</createdBy>
<createdTime>2014-11-21 04:02:33 UTC</createdTime>
<generatorID>19768762-EC73-9216-B05B-F2B69A6F408A</generatorID>
<ownerDesignName>Minecraft_LM</ownerDesignName>
<nullsAllowed>true</nullsAllowed>
<useDomainConstraints>false</useDomainConstraints>
<use>1</use>
<logicalDatatype>LOGDT024</logicalDatatype>
<dataTypeSize>64 CHAR</dataTypeSize>
<autoIncrementCycle>false</autoIncrementCycle>
</Column>
</columns>
<indexes itemClass="oracle.dbtools.crest.model.design.relational.Index">
<ind_PK_UK id="9B3B6096-DD72-1792-D085-D28D3F639450" name="MC_Material_PK">
<createdBy>Darius</createdBy>
<createdTime>2014-11-21 04:02:33 UTC</createdTime>
<generatorID>41DD842C-AD12-E62B-7875-A0DD12869D46</generatorID>
<ownerDesignName>Minecraft_LM</ownerDesignName>
<pk>true</pk>
<indexState>Primary Constraint</indexState>
<isSurrogateKey>false</isSurrogateKey>
<indexColumnUsage>
<colUsage columnID="D40906C8-D1C8-566D-AA84-075DE8CC0A7D"/>
</indexColumnUsage>
</ind_PK_UK>
</indexes>
</Table>