<?xml version = '1.0' encoding = 'UTF-8'?>
<Table class="oracle.dbtools.crest.model.design.relational.Table" directorySegmentName="seg_0" id="A12C3156-53EF-9F9F-884E-8CC86809C9EA" name="MC_Item">
<createdBy>Darius</createdBy>
<createdTime>2014-11-21 04:02:33 UTC</createdTime>
<generatorID>5F7C3F90-87C9-DEF9-0FD2-042702584FF2</generatorID>
<ownerDesignName>Minecraft_LM</ownerDesignName>
<allowColumnReorder>false</allowColumnReorder>
<existDependencyGenerateInDDl>true</existDependencyGenerateInDDl>
<columns itemClass="oracle.dbtools.crest.model.design.relational.Column">
<Column name="id" id="BEDE1C4D-3EA9-1D29-61F5-9CD743B7FB72">
<createdBy>Darius</createdBy>
<createdTime>2014-11-21 04:02:33 UTC</createdTime>
<generatorID>38A16691-DFD5-D160-DBC7-5C4452275CDE</generatorID>
<ownerDesignName>Minecraft_LM</ownerDesignName>
<useDomainConstraints>false</useDomainConstraints>
<use>1</use>
<logicalDatatype>LOGDT011</logicalDatatype>
<autoIncrementCycle>false</autoIncrementCycle>
</Column>
<Column name="type" id="071ABE2A-3C85-C462-D62B-84DF990D3877">
<createdBy>Darius</createdBy>
<createdTime>2014-11-21 04:02:33 UTC</createdTime>
<generatorID>04BED8C3-9B01-358D-5E55-2BE51DC89BFD</generatorID>
<ownerDesignName>Minecraft_LM</ownerDesignName>
<nullsAllowed>true</nullsAllowed>
<useDomainConstraints>false</useDomainConstraints>
<use>1</use>
<logicalDatatype>LOGDT024</logicalDatatype>
<dataTypeSize>64 CHAR</dataTypeSize>
<autoIncrementCycle>false</autoIncrementCycle>
</Column>
<Column name="name" id="124096AD-1407-2E32-76A0-FD9397E50DED">
<createdBy>Darius</createdBy>
<createdTime>2014-11-21 04:02:33 UTC</createdTime>
<generatorID>2239424E-5D1D-EE95-0BFF-C917D96E92E4</generatorID>
<ownerDesignName>Minecraft_LM</ownerDesignName>
<nullsAllowed>true</nullsAllowed>
<useDomainConstraints>false</useDomainConstraints>
<use>1</use>
<logicalDatatype>LOGDT024</logicalDatatype>
<dataTypeSize>64 CHAR</dataTypeSize>
<autoIncrementCycle>false</autoIncrementCycle>
</Column>
<Column name="amount" id="A54E7FAD-D157-C958-A46B-74ED93AF892A">
<createdBy>Darius</createdBy>
<createdTime>2014-11-21 04:02:33 UTC</createdTime>
<generatorID>4B793FBE-C502-2DB5-A6B6-FC225EC6FB8D</generatorID>
<ownerDesignName>Minecraft_LM</ownerDesignName>
<nullsAllowed>true</nullsAllowed>
<useDomainConstraints>false</useDomainConstraints>
<use>1</use>
<logicalDatatype>LOGDT011</logicalDatatype>
<autoIncrementCycle>false</autoIncrementCycle>
</Column>
<Column name="durability" id="9E09195A-C6BC-04B7-4B1D-682DF4FEAFA8">
<createdBy>Darius</createdBy>
<createdTime>2014-11-21 04:02:33 UTC</createdTime>
<generatorID>4307DAB1-7EF1-B160-0234-B204247AFF1C</generatorID>
<ownerDesignName>Minecraft_LM</ownerDesignName>
<nullsAllowed>true</nullsAllowed>
<useDomainConstraints>false</useDomainConstraints>
<use>1</use>
<logicalDatatype>LOGDT011</logicalDatatype>
<autoIncrementCycle>false</autoIncrementCycle>
</Column>
<Column name="damage" id="E738692B-D17B-3942-C1AF-AE1A6E804BDE">
<createdBy>Darius</createdBy>
<createdTime>2014-11-21 04:02:33 UTC</createdTime>
<generatorID>6FCA5BB8-3D58-438E-EB1E-D6BE18FCF074</generatorID>
<ownerDesignName>Minecraft_LM</ownerDesignName>
<nullsAllowed>true</nullsAllowed>
<useDomainConstraints>false</useDomainConstraints>
<use>1</use>
<logicalDatatype>LOGDT011</logicalDatatype>
<autoIncrementCycle>false</autoIncrementCycle>
</Column>
<Column name="armor" id="00777E4A-2EE1-7C94-ECB0-291BBBB01E64">
<createdBy>Darius</createdBy>
<createdTime>2014-11-21 04:02:33 UTC</createdTime>
<generatorID>1A50C1DD-059E-3B54-5DA2-5B62144E9543</generatorID>
<ownerDesignName>Minecraft_LM</ownerDesignName>
<nullsAllowed>true</nullsAllowed>
<useDomainConstraints>false</useDomainConstraints>
<use>1</use>
<logicalDatatype>LOGDT011</logicalDatatype>
<autoIncrementCycle>false</autoIncrementCycle>
</Column>
<Column name="food" id="98E6F7A9-964E-DD0B-DF4F-3C477BE9A73D">
<createdBy>Darius</createdBy>
<createdTime>2014-11-21 04:02:33 UTC</createdTime>
<generatorID>EF656B6F-7E98-F0AF-D390-5135F90543D4</generatorID>
<ownerDesignName>Minecraft_LM</ownerDesignName>
<nullsAllowed>true</nullsAllowed>
<useDomainConstraints>false</useDomainConstraints>
<use>1</use>
<logicalDatatype>LOGDT011</logicalDatatype>
<autoIncrementCycle>false</autoIncrementCycle>
</Column>
<Column name="saturation" id="AE1139FC-C5CF-A165-737C-E228D65B75F4">
<createdBy>Darius</createdBy>
<createdTime>2014-11-21 04:02:33 UTC</createdTime>
<generatorID>1E9F2E0F-4325-A49D-A6BE-48225ACAE403</generatorID>
<ownerDesignName>Minecraft_LM</ownerDesignName>
<nullsAllowed>true</nullsAllowed>
<useDomainConstraints>false</useDomainConstraints>
<use>1</use>
<logicalDatatype>LOGDT011</logicalDatatype>
<autoIncrementCycle>false</autoIncrementCycle>
</Column>
<Column name="MC_Material_id" id="B33A4108-8765-1120-2BCB-C2874CE87ED2">
<createdBy>Darius</createdBy>
<createdTime>2014-11-21 04:02:33 UTC</createdTime>
<generatorID>E81C42B7-E043-359B-39F2-4D98476BC460</generatorID>
<ownerDesignName>Minecraft_LM</ownerDesignName>
<nullsAllowed>true</nullsAllowed>
<useDomainConstraints>false</useDomainConstraints>
<use>1</use>
<logicalDatatype>LOGDT011</logicalDatatype>
<delegate>D40906C8-D1C8-566D-AA84-075DE8CC0A7D</delegate>
<previousColumn>false</previousColumn>
<autoIncrementCycle>false</autoIncrementCycle>
<associations>
<colAssociation fkAssociation="C29A3E9B-FC5C-EAB7-0EC5-DF34A523617F" referredColumn="D40906C8-D1C8-566D-AA84-075DE8CC0A7D"/>
</associations>
</Column>
<Column name="MC_Avatar_id" id="24CFF8E3-B5DD-5C86-4459-2863F46FB438">
<createdBy>Darius</createdBy>
<createdTime>2014-11-21 04:02:33 UTC</createdTime>
<generatorID>56CC10C3-3B95-B977-E367-926EF82114F5</generatorID>
<ownerDesignName>Minecraft_LM</ownerDesignName>
<nullsAllowed>true</nullsAllowed>
<useDomainConstraints>false</useDomainConstraints>
<use>1</use>
<logicalDatatype>LOGDT011</logicalDatatype>
<delegate>10380908-F5F9-0405-18C0-6CC82019BFB1</delegate>
<previousColumn>false</previousColumn>
<autoIncrementCycle>false</autoIncrementCycle>
<associations>
<colAssociation fkAssociation="3456D824-2A5B-C699-4BB6-396BFAEEEAAC" referredColumn="10380908-F5F9-0405-18C0-6CC82019BFB1"/>
</associations>
</Column>
</columns>
<indexes itemClass="oracle.dbtools.crest.model.design.relational.Index">
<ind_PK_UK id="7D42DAF0-2B01-A44B-5EDE-D6A17B5FC84C" name="MC_Item_PK">
<createdBy>Darius</createdBy>
<createdTime>2014-11-21 04:02:33 UTC</createdTime>
<generatorID>5371DEDB-CE55-7F79-6E6A-EE96DF8ECDF1</generatorID>
<ownerDesignName>Minecraft_LM</ownerDesignName>
<pk>true</pk>
<indexState>Primary Constraint</indexState>
<isSurrogateKey>false</isSurrogateKey>
<indexColumnUsage>
<colUsage columnID="BEDE1C4D-3EA9-1D29-61F5-9CD743B7FB72"/>
</indexColumnUsage>
</ind_PK_UK>
<ind_PK_UK id="146830F8-9C46-424F-A4D5-6F6C281E29D5" name="MC_Item_MC_Avatar_FK">
<createdBy>Darius</createdBy>
<createdTime>2014-11-21 04:02:33 UTC</createdTime>
<generatorID>4A5F04A5-0D96-ADB9-11C6-889C2C79A0FC</generatorID>
<ownerDesignName>Minecraft_LM</ownerDesignName>
<indexState>Foreign Key</indexState>
<isSurrogateKey>false</isSurrogateKey>
<indexColumnUsage>
<colUsage columnID="24CFF8E3-B5DD-5C86-4459-2863F46FB438"/>
</indexColumnUsage>
</ind_PK_UK>
<ind_PK_UK id="80F0286A-5155-B90F-AE39-543258F91BC5" name="MC_Item_MC_Material_FK">
<createdBy>Darius</createdBy>
<createdTime>2014-11-21 04:02:33 UTC</createdTime>
<generatorID>F28E8785-1180-13E2-CDE9-FE1EA491BAC8</generatorID>
<ownerDesignName>Minecraft_LM</ownerDesignName>
<indexState>Foreign Key</indexState>
<isSurrogateKey>false</isSurrogateKey>
<indexColumnUsage>
<colUsage columnID="B33A4108-8765-1120-2BCB-C2874CE87ED2"/>
</indexColumnUsage>
</ind_PK_UK>
</indexes>
</Table>