<?xml version = '1.0' encoding = 'UTF-8'?>
<Table class="oracle.dbtools.crest.model.design.relational.Table" directorySegmentName="seg_0" id="D7310020-6063-E2F1-0BD4-F6DE8D43FDF0" name="MC_Player">
<createdBy>Darius</createdBy>
<createdTime>2014-11-21 04:02:33 UTC</createdTime>
<generatorID>B5758D33-43C2-CC04-64DC-59B5760B0C84</generatorID>
<ownerDesignName>Minecraft_LM</ownerDesignName>
<allowColumnReorder>false</allowColumnReorder>
<existDependencyGenerateInDDl>true</existDependencyGenerateInDDl>
<columns itemClass="oracle.dbtools.crest.model.design.relational.Column">
<Column name="id" id="8C6811AC-34DD-6620-626E-4C10499A0B92">
<createdBy>Darius</createdBy>
<createdTime>2014-11-21 04:02:33 UTC</createdTime>
<generatorID>6439C541-9CA9-BB7C-423B-3824896FB624</generatorID>
<ownerDesignName>Minecraft_LM</ownerDesignName>
<useDomainConstraints>false</useDomainConstraints>
<use>1</use>
<logicalDatatype>LOGDT011</logicalDatatype>
<autoIncrementCycle>false</autoIncrementCycle>
</Column>
<Column name="first_name" id="4776E420-815E-9DCA-08B2-9DF2D381EF64">
<createdBy>Darius</createdBy>
<createdTime>2014-11-21 04:02:33 UTC</createdTime>
<generatorID>B8CBD85A-A2FE-7582-E0A6-AC727F3F5D01</generatorID>
<ownerDesignName>Minecraft_LM</ownerDesignName>
<nullsAllowed>true</nullsAllowed>
<useDomainConstraints>false</useDomainConstraints>
<use>1</use>
<logicalDatatype>LOGDT024</logicalDatatype>
<dataTypeSize>64 CHAR</dataTypeSize>
<autoIncrementCycle>false</autoIncrementCycle>
</Column>
<Column name="last_name" id="1B853657-B4FB-F758-CE45-CDBBB074A9C4">
<createdBy>Darius</createdBy>
<createdTime>2014-11-21 04:02:33 UTC</createdTime>
<generatorID>0299F01E-A76F-BBAD-B4D5-DE5DA2B32093</generatorID>
<ownerDesignName>Minecraft_LM</ownerDesignName>
<nullsAllowed>true</nullsAllowed>
<useDomainConstraints>false</useDomainConstraints>
<use>1</use>
<logicalDatatype>LOGDT024</logicalDatatype>
<dataTypeSize>64 CHAR</dataTypeSize>
<autoIncrementCycle>false</autoIncrementCycle>
</Column>
<Column name="ip_address" id="494556A6-50C1-4811-5D60-B4671FA61E79">
<createdBy>Darius</createdBy>
<createdTime>2014-11-21 04:02:33 UTC</createdTime>
<generatorID>037FD722-A0EE-CB36-9C8A-3AB0CD3187B3</generatorID>
<ownerDesignName>Minecraft_LM</ownerDesignName>
<nullsAllowed>true</nullsAllowed>
<useDomainConstraints>false</useDomainConstraints>
<use>1</use>
<logicalDatatype>LOGDT024</logicalDatatype>
<dataTypeSize>16 CHAR</dataTypeSize>
<autoIncrementCycle>false</autoIncrementCycle>
</Column>
<Column name="default_lang" id="CA29570D-65C4-A1A9-2DE9-E5C6C63421C8">
<createdBy>Darius</createdBy>
<createdTime>2014-11-21 04:02:33 UTC</createdTime>
<generatorID>4758BE3F-591D-B896-D9EE-1E0D4C3BA269</generatorID>
<ownerDesignName>Minecraft_LM</ownerDesignName>
<nullsAllowed>true</nullsAllowed>
<useDomainConstraints>false</useDomainConstraints>
<use>1</use>
<logicalDatatype>LOGDT024</logicalDatatype>
<dataTypeSize>64 CHAR</dataTypeSize>
<autoIncrementCycle>false</autoIncrementCycle>
</Column>
<Column name="MC_Avatar_id" id="26F49241-B81B-FA20-3BDC-BBEB206DDA8A">
<createdBy>Darius</createdBy>
<createdTime>2014-11-21 04:02:33 UTC</createdTime>
<generatorID>B8DFDECD-FE63-3A24-8E03-8A70A5E1A6A2</generatorID>
<ownerDesignName>Minecraft_LM</ownerDesignName>
<nullsAllowed>true</nullsAllowed>
<useDomainConstraints>false</useDomainConstraints>
<use>1</use>
<logicalDatatype>LOGDT011</logicalDatatype>
<delegate>10380908-F5F9-0405-18C0-6CC82019BFB1</delegate>
<previousColumn>false</previousColumn>
<autoIncrementCycle>false</autoIncrementCycle>
<associations>
<colAssociation fkAssociation="1547B7D6-7C7F-20F8-EFC9-49E3A3F8F75A" referredColumn="10380908-F5F9-0405-18C0-6CC82019BFB1"/>
</associations>
</Column>
</columns>
<indexes itemClass="oracle.dbtools.crest.model.design.relational.Index">
<ind_PK_UK id="DA5A5DE5-E81C-BC2C-3552-2A5DD221DA50" name="MC_Player_PK">
<createdBy>Darius</createdBy>
<createdTime>2014-11-21 04:02:33 UTC</createdTime>
<generatorID>7CB048BD-8D8F-FC12-DBCF-4E43A4813E75</generatorID>
<ownerDesignName>Minecraft_LM</ownerDesignName>
<pk>true</pk>
<indexState>Primary Constraint</indexState>
<isSurrogateKey>false</isSurrogateKey>
<indexColumnUsage>
<colUsage columnID="8C6811AC-34DD-6620-626E-4C10499A0B92"/>
</indexColumnUsage>
</ind_PK_UK>
<ind_PK_UK id="E5D5CF39-C35D-8792-CF8F-1B4B5EF9A7AD" name="MC_Player__IDX">
<createdBy>Darius</createdBy>
<createdTime>2014-11-21 04:02:33 UTC</createdTime>
<ownerDesignName>Minecraft_LM</ownerDesignName>
<indexState>Unique Plain Index</indexState>
<isSurrogateKey>false</isSurrogateKey>
<relationGeneratorID>44139FCC-1C0A-0544-AC90-5FCB638357D1</relationGeneratorID>
<indexColumnUsage>
<colUsage columnID="26F49241-B81B-FA20-3BDC-BBEB206DDA8A"/>
</indexColumnUsage>
</ind_PK_UK>
<ind_PK_UK id="595320CE-B0E0-94FD-DD43-00949AA0E547" name="MC_Player_MC_Avatar_FK">
<createdBy>Darius</createdBy>
<createdTime>2014-11-21 04:02:33 UTC</createdTime>
<generatorID>44139FCC-1C0A-0544-AC90-5FCB638357D1</generatorID>
<ownerDesignName>Minecraft_LM</ownerDesignName>
<indexState>Foreign Key</indexState>
<isSurrogateKey>false</isSurrogateKey>
<indexColumnUsage>
<colUsage columnID="26F49241-B81B-FA20-3BDC-BBEB206DDA8A"/>
</indexColumnUsage>
</ind_PK_UK>
</indexes>
</Table>