<?xml version = '1.0' encoding = 'UTF-8'?>
<Diagram class="oracle.dbtools.crest.swingui.logical.DPVLogical" name="Logical" id="4C9ED66E-38D3-35AD-773C-36AB780E2E37">
<createdBy>Darius</createdBy>
<createdTime>2014-11-20 23:37:57 UTC</createdTime>
<autoRoute>false</autoRoute>
<boxInbox>false</boxInbox>
<showLegend>false</showLegend>
<showLabels>false</showLabels>
<showRelAttributes>false</showRelAttributes>
<showGrid>false</showGrid>
<diagramColor>-1</diagramColor>
<display>false</display>
<notation>2</notation>
<objectViews>
<OView class="oracle.dbtools.crest.swingui.logical.TVEntity" oid="141D5BBB-B452-4D38-8648-92F4942D792E" otype="Entity" vid="B2B85CCC-68D4-18F2-26F0-ACA7823BB638">
<hideElementsInCurrentOnly>false</hideElementsInCurrentOnly>
<bounds x="540" y="0" width="233" height="130"/>
</OView>
<OView class="oracle.dbtools.crest.swingui.logical.TVEntity" oid="16C927AB-7949-E12E-84BF-57D2222B7740" otype="Entity" vid="D0304432-B921-E8D9-4CD6-4D53EAD4298E">
<hideElementsInCurrentOnly>false</hideElementsInCurrentOnly>
<bounds x="300" y="134" width="216" height="102"/>
</OView>
<OView class="oracle.dbtools.crest.swingui.logical.TVEntity" oid="1CA5BD4B-F9A4-83C4-2B64-788A71ABAAFA" otype="Entity" vid="D32BD835-0896-05CD-1278-9F935160F8D6">
<hideElementsInCurrentOnly>false</hideElementsInCurrentOnly>
<bounds x="0" y="0" width="241" height="144"/>
</OView>
<OView class="oracle.dbtools.crest.swingui.logical.TVEntity" oid="2335BA31-41A3-230F-0A1E-E668A9BE14CB" otype="Entity" vid="9C0F6D6F-FF61-C2A7-E369-B5F83FAC8E56">
<hideElementsInCurrentOnly>false</hideElementsInCurrentOnly>
<bounds x="306" y="328" width="159" height="102"/>
</OView>
<OView class="oracle.dbtools.crest.swingui.logical.TVEntity" oid="2F0A3DDB-F78E-A5EC-B21B-BDA4B6FA5822" otype="Entity" vid="3B2C5BF8-D3E1-E08A-7CA5-44B3E1405D88">
<hideElementsInCurrentOnly>false</hideElementsInCurrentOnly>
<bounds x="473" y="456" width="129" height="60"/>
</OView>
<OView class="oracle.dbtools.crest.swingui.logical.TVEntity" oid="30779B0E-144F-D7C2-FD53-9C844E422704" otype="Entity" vid="130020D6-E88F-C02A-F73A-C88230F0DB3A">
<hideElementsInCurrentOnly>false</hideElementsInCurrentOnly>
<bounds x="334" y="453" width="131" height="60"/>
</OView>
<OView class="oracle.dbtools.crest.swingui.logical.TVEntity" oid="3F780C65-A6A3-B11A-9B5C-CF453A11E7C7" otype="Entity" vid="5E01D29D-D204-3E07-17FE-922D72512135">
<hideElementsInCurrentOnly>false</hideElementsInCurrentOnly>
<bounds x="0" y="396" width="114" height="60"/>
</OView>
<OView class="oracle.dbtools.crest.swingui.logical.TVEntity" oid="4FF8ACA5-A756-77FD-895D-AFA87F7FE5E3" otype="Entity" vid="2267B93F-3A30-1B40-CB71-347C3FFC7980">
<hideElementsInCurrentOnly>false</hideElementsInCurrentOnly>
<bounds x="42" y="180" width="200" height="74"/>
</OView>
<OView class="oracle.dbtools.crest.swingui.logical.TVEntity" oid="5BEEE6E1-C447-2E0D-8614-56E29611377C" otype="Entity" vid="76625DF9-80A0-C245-F1A4-5581F1E6ADAD">
<hideElementsInCurrentOnly>false</hideElementsInCurrentOnly>
<bounds x="191" y="528" width="142" height="60"/>
</OView>
<OView class="oracle.dbtools.crest.swingui.logical.TVEntity" oid="605C4B33-E0AC-BFE1-0E50-D5C2BE8DFCF1" otype="Entity" vid="61120850-0811-CEB6-4946-ED4958B9E64F">
<hideElementsInCurrentOnly>false</hideElementsInCurrentOnly>
<bounds x="476" y="526" width="125" height="60"/>
</OView>
<OView class="oracle.dbtools.crest.swingui.logical.TVEntity" oid="71E380F0-21B5-3D3B-59A8-BDA897BE3E87" otype="Entity" vid="D03AC6A5-709C-7BEC-BABA-9859F47E5BFC">
<hideElementsInCurrentOnly>false</hideElementsInCurrentOnly>
<bounds x="467" y="328" width="159" height="88"/>
</OView>
<OView class="oracle.dbtools.crest.swingui.logical.TVEntity" oid="756B1AF3-E7BB-A69D-FAB1-9A6C366463B9" otype="Entity" vid="DD82718D-DF08-1797-A723-68B9FB26F207">
<hideElementsInCurrentOnly>false</hideElementsInCurrentOnly>
<bounds x="203" y="453" width="126" height="60"/>
</OView>
<OView class="oracle.dbtools.crest.swingui.logical.TVEntity" oid="7A0136BA-054F-4F1F-CE85-715C2AA6A605" otype="Entity" vid="3898B584-165E-EFC6-0E05-64F42D34A6B3">
<hideElementsInCurrentOnly>false</hideElementsInCurrentOnly>
<bounds x="665" y="145" width="255" height="158"/>
</OView>
<OView class="oracle.dbtools.crest.swingui.logical.TVEntity" oid="7F5B167F-5B02-E7A5-0535-2D27E9AEF520" otype="Entity" vid="E12D72A7-4350-9491-0E23-483AB428AEEE">
<hideElementsInCurrentOnly>false</hideElementsInCurrentOnly>
<bounds x="607" y="458" width="114" height="60"/>
</OView>
<OView class="oracle.dbtools.crest.swingui.logical.TVEntity" oid="9462BD54-2915-93C9-DDF1-914DEC68069D" otype="Entity" vid="34E4EBFE-38E0-291C-6012-85B8A5AE8FF7">
<hideElementsInCurrentOnly>false</hideElementsInCurrentOnly>
<bounds x="627" y="328" width="151" height="88"/>
</OView>
<OView class="oracle.dbtools.crest.swingui.logical.TVEntity" oid="9A3E50DF-9365-310D-D536-42166417733B" otype="Entity" vid="9FE3D488-9209-05C0-C5E9-F85B87FA1CDF">
<hideElementsInCurrentOnly>false</hideElementsInCurrentOnly>
<bounds x="0" y="333" width="121" height="60"/>
</OView>
<OView class="oracle.dbtools.crest.swingui.logical.TVEntity" oid="BE1C4DD1-8248-49EB-3A10-3CA99E9E2603" otype="Entity" vid="4C31FA48-3BB1-3CEC-DFAA-9B077E6750C4">
<hideElementsInCurrentOnly>false</hideElementsInCurrentOnly>
<bounds x="344" y="525" width="114" height="60"/>
</OView>
<OView class="oracle.dbtools.crest.swingui.logical.TVEntity" oid="C9AC673D-1B1F-52FE-97A5-9A1B7E3CEBCC" otype="Entity" vid="F5360B83-66EC-4DDC-4572-899B83E4A727">
<hideElementsInCurrentOnly>false</hideElementsInCurrentOnly>
<bounds x="146" y="328" width="159" height="102"/>
</OView>
<OView class="oracle.dbtools.crest.swingui.TVNote" oid="EE7B7D19-D49D-39DD-36A6-E7C57171728A" otype="Note" vid="097E07C9-353C-697A-45DD-644AF4786DDA">
<hideElementsInCurrentOnly>false</hideElementsInCurrentOnly>
<bounds x="297" y="0" width="143" height="31"/>
</OView>
<OView class="oracle.dbtools.crest.swingui.logical.TVEntity" oid="F9C68E6C-90FC-D8A9-D838-83F83D57C9F0" otype="Entity" vid="A7C8A677-6D22-68E5-97F6-3D89627EE094">
<hideElementsInCurrentOnly>false</hideElementsInCurrentOnly>
<bounds x="306" y="52" width="200" height="74"/>
</OView>
<OView class="oracle.dbtools.crest.swingui.logical.TVEntity" oid="FAFD78A3-0441-05AD-9667-BC0B180933C5" otype="Entity" vid="121DBF9D-5746-3D8C-1265-A26D5234840E">
<hideElementsInCurrentOnly>false</hideElementsInCurrentOnly>
<bounds x="606" y="523" width="114" height="60"/>
</OView>
</objectViews>
<connectors>
<Connector class="oracle.dbtools.crest.swingui.logical.TVInheritanceRelation" oid="02265B31-7276-CE3F-F0FC-75BB06A85F07" otype="Hierarchy relation" vid_source="9C0F6D6F-FF61-C2A7-E369-B5F83FAC8E56" vid_target="76625DF9-80A0-C245-F1A4-5581F1E6ADAD">
<hideElementsInCurrentOnly>false</hideElementsInCurrentOnly>
<lineWidth>1</lineWidth>
<points>
<point x="377" y="430"/>
<point x="269" y="528"/>
</points>
</Connector>
<Connector class="oracle.dbtools.crest.swingui.logical.TVInheritanceRelation" oid="09E1AFF3-68D6-5F1E-222F-3C4572B28DD0" otype="Hierarchy relation" vid_source="D0304432-B921-E8D9-4CD6-4D53EAD4298E" vid_target="F5360B83-66EC-4DDC-4572-899B83E4A727">
<hideElementsInCurrentOnly>false</hideElementsInCurrentOnly>
<lineWidth>1</lineWidth>
<points>
<point x="412" y="236"/>
<point x="221" y="328"/>
</points>
</Connector>
<Connector class="oracle.dbtools.crest.swingui.logical.TVInheritanceRelation" oid="18AE0C25-C7D9-50A6-0060-FF0723D51B73" otype="Hierarchy relation" vid_source="D03AC6A5-709C-7BEC-BABA-9859F47E5BFC" vid_target="E12D72A7-4350-9491-0E23-483AB428AEEE">
<hideElementsInCurrentOnly>false</hideElementsInCurrentOnly>
<lineWidth>1</lineWidth>
<points>
<point x="550" y="416"/>
<point x="654" y="458"/>
</points>
</Connector>
<Connector class="oracle.dbtools.crest.swingui.logical.TVInheritanceRelation" oid="319D36F0-DF67-78C5-36AB-E4BED0AD581E" otype="Hierarchy relation" vid_source="D03AC6A5-709C-7BEC-BABA-9859F47E5BFC" vid_target="3B2C5BF8-D3E1-E08A-7CA5-44B3E1405D88">
<hideElementsInCurrentOnly>false</hideElementsInCurrentOnly>
<lineWidth>1</lineWidth>
<points>
<point x="550" y="416"/>
<point x="528" y="456"/>
</points>
</Connector>
<Connector class="oracle.dbtools.crest.swingui.logical.TVRelation" oid="57E391BC-25B7-55C4-F1E1-83C095D248F7" otype="Relation" vid_source="B2B85CCC-68D4-18F2-26F0-ACA7823BB638" vid_target="3898B584-165E-EFC6-0E05-64F42D34A6B3">
<hideElementsInCurrentOnly>false</hideElementsInCurrentOnly>
<lineWidth>1</lineWidth>
<points>
<point x="590" y="130"/>
<point x="665" y="231"/>
</points>
</Connector>
<Connector class="oracle.dbtools.crest.swingui.logical.TVRelation" oid="6A00E953-3D61-6367-7E2E-CFAFA3BEC533" otype="Relation" vid_source="2267B93F-3A30-1B40-CB71-347C3FFC7980" vid_target="F5360B83-66EC-4DDC-4572-899B83E4A727">
<hideElementsInCurrentOnly>false</hideElementsInCurrentOnly>
<lineWidth>1</lineWidth>
<points>
<point x="174" y="254"/>
<point x="205" y="328"/>
</points>
</Connector>
<Connector class="oracle.dbtools.crest.swingui.logical.TVInheritanceRelation" oid="72BB7ECB-EC59-C8A9-4B3C-C4AAC0ECDFE3" otype="Hierarchy relation" vid_source="9C0F6D6F-FF61-C2A7-E369-B5F83FAC8E56" vid_target="4C31FA48-3BB1-3CEC-DFAA-9B077E6750C4">
<hideElementsInCurrentOnly>false</hideElementsInCurrentOnly>
<lineWidth>1</lineWidth>
<points>
<point x="379" y="430"/>
<point x="400" y="525"/>
</points>
</Connector>
<Connector class="oracle.dbtools.crest.swingui.logical.TVRelation" oid="81BF8B69-0DDB-2002-3DCF-DBC7086B40D4" otype="Relation" vid_source="2267B93F-3A30-1B40-CB71-347C3FFC7980" vid_target="9C0F6D6F-FF61-C2A7-E369-B5F83FAC8E56">
<hideElementsInCurrentOnly>false</hideElementsInCurrentOnly>
<lineWidth>1</lineWidth>
<points>
<point x="192" y="254"/>
<point x="385" y="328"/>
</points>
</Connector>
<Connector class="oracle.dbtools.crest.swingui.logical.TVInheritanceRelation" oid="A214DEDA-89FF-73FB-1F47-7BB846E68514" otype="Hierarchy relation" vid_source="D0304432-B921-E8D9-4CD6-4D53EAD4298E" vid_target="34E4EBFE-38E0-291C-6012-85B8A5AE8FF7">
<hideElementsInCurrentOnly>false</hideElementsInCurrentOnly>
<lineWidth>1</lineWidth>
<points>
<point x="411" y="236"/>
<point x="702" y="328"/>
</points>
</Connector>
<Connector class="oracle.dbtools.crest.swingui.logical.TVInheritanceRelation" oid="A59E94B2-F178-9507-A63A-310FF4761D77" otype="Hierarchy relation" vid_source="D03AC6A5-709C-7BEC-BABA-9859F47E5BFC" vid_target="121DBF9D-5746-3D8C-1265-A26D5234840E">
<hideElementsInCurrentOnly>false</hideElementsInCurrentOnly>
<lineWidth>1</lineWidth>
<points>
<point x="551" y="416"/>
<point x="660" y="523"/>
</points>
</Connector>
<Connector class="oracle.dbtools.crest.swingui.logical.TVRelation" oid="BE63A08D-1883-0603-1186-66F0AC29E575" otype="Relation" vid_source="D32BD835-0896-05CD-1278-9F935160F8D6" vid_target="B2B85CCC-68D4-18F2-26F0-ACA7823BB638">
<hideElementsInCurrentOnly>false</hideElementsInCurrentOnly>
<lineWidth>1</lineWidth>
<points>
<point x="241" y="39"/>
<point x="540" y="41"/>
</points>
</Connector>
<Connector class="oracle.dbtools.crest.swingui.logical.TVRelation" oid="C222FBCD-42D9-87F2-50FE-DEC81AAC4562" otype="Relation" vid_source="2267B93F-3A30-1B40-CB71-347C3FFC7980" vid_target="D03AC6A5-709C-7BEC-BABA-9859F47E5BFC">
<hideElementsInCurrentOnly>false</hideElementsInCurrentOnly>
<lineWidth>1</lineWidth>
<points>
<point x="224" y="254"/>
<point x="534" y="328"/>
</points>
</Connector>
<Connector class="oracle.dbtools.crest.swingui.logical.TVRelation" oid="C8241679-6A2E-1412-CDF7-A093D683182D" otype="Relation" vid_source="D32BD835-0896-05CD-1278-9F935160F8D6" vid_target="A7C8A677-6D22-68E5-97F6-3D89627EE094">
<hideElementsInCurrentOnly>false</hideElementsInCurrentOnly>
<lineWidth>1</lineWidth>
<points>
<point x="241" y="88"/>
<point x="306" y="87"/>
</points>
</Connector>
<Connector class="oracle.dbtools.crest.swingui.logical.TVInheritanceRelation" oid="D305D345-ED4F-687C-7823-30B5A543F171" otype="Hierarchy relation" vid_source="9C0F6D6F-FF61-C2A7-E369-B5F83FAC8E56" vid_target="DD82718D-DF08-1797-A723-68B9FB26F207">
<hideElementsInCurrentOnly>false</hideElementsInCurrentOnly>
<lineWidth>1</lineWidth>
<points>
<point x="376" y="430"/>
<point x="276" y="453"/>
</points>
</Connector>
<Connector class="oracle.dbtools.crest.swingui.logical.TVInheritanceRelation" oid="D9E6D4D9-91B5-2290-DA7E-92088B0540C1" otype="Hierarchy relation" vid_source="D0304432-B921-E8D9-4CD6-4D53EAD4298E" vid_target="9C0F6D6F-FF61-C2A7-E369-B5F83FAC8E56">
<hideElementsInCurrentOnly>false</hideElementsInCurrentOnly>
<lineWidth>1</lineWidth>
<points>
<point x="412" y="236"/>
<point x="386" y="328"/>
</points>
</Connector>
<Connector class="oracle.dbtools.crest.swingui.logical.TVInheritanceRelation" oid="DB3B3B9E-A6D1-4AD1-9DE3-C88847F09F45" otype="Hierarchy relation" vid_source="D03AC6A5-709C-7BEC-BABA-9859F47E5BFC" vid_target="61120850-0811-CEB6-4946-ED4958B9E64F">
<hideElementsInCurrentOnly>false</hideElementsInCurrentOnly>
<lineWidth>1</lineWidth>
<points>
<point x="550" y="416"/>
<point x="535" y="526"/>
</points>
</Connector>
<Connector class="oracle.dbtools.crest.swingui.logical.TVRelation" oid="E20004A6-0BD8-1FF3-C373-5061DDD628D7" otype="Relation" vid_source="D32BD835-0896-05CD-1278-9F935160F8D6" vid_target="D0304432-B921-E8D9-4CD6-4D53EAD4298E">
<hideElementsInCurrentOnly>false</hideElementsInCurrentOnly>
<lineWidth>1</lineWidth>
<points>
<point x="241" y="138"/>
<point x="300" y="139"/>
</points>
</Connector>
<Connector class="oracle.dbtools.crest.swingui.logical.TVInheritanceRelation" oid="E4786F1D-F0E3-A65F-73A3-C00F3802FACC" otype="Hierarchy relation" vid_source="9C0F6D6F-FF61-C2A7-E369-B5F83FAC8E56" vid_target="130020D6-E88F-C02A-F73A-C88230F0DB3A">
<hideElementsInCurrentOnly>false</hideElementsInCurrentOnly>
<lineWidth>1</lineWidth>
<points>
<point x="375" y="430"/>
<point x="408" y="453"/>
</points>
</Connector>
<Connector class="oracle.dbtools.crest.swingui.logical.TVInheritanceRelation" oid="F20D7A5B-D4AC-829A-80EB-F71755452249" otype="Hierarchy relation" vid_source="F5360B83-66EC-4DDC-4572-899B83E4A727" vid_target="5E01D29D-D204-3E07-17FE-922D72512135">
<hideElementsInCurrentOnly>false</hideElementsInCurrentOnly>
<lineWidth>1</lineWidth>
<points>
<point x="146" y="387"/>
<point x="114" y="413"/>
</points>
</Connector>
<Connector class="oracle.dbtools.crest.swingui.logical.TVInheritanceRelation" oid="F33E403D-CEC7-53E7-7BEB-33390ACFC20A" otype="Hierarchy relation" vid_source="D0304432-B921-E8D9-4CD6-4D53EAD4298E" vid_target="D03AC6A5-709C-7BEC-BABA-9859F47E5BFC">
<hideElementsInCurrentOnly>false</hideElementsInCurrentOnly>
<lineWidth>1</lineWidth>
<points>
<point x="410" y="236"/>
<point x="542" y="328"/>
</points>
</Connector>
<Connector class="oracle.dbtools.crest.swingui.logical.TVInheritanceRelation" oid="F866F8EC-F93D-B348-BF6D-8F6DCDF2AD5E" otype="Hierarchy relation" vid_source="F5360B83-66EC-4DDC-4572-899B83E4A727" vid_target="9FE3D488-9209-05C0-C5E9-F85B87FA1CDF">
<hideElementsInCurrentOnly>false</hideElementsInCurrentOnly>
<lineWidth>1</lineWidth>
<points>
<point x="146" y="387"/>
<point x="121" y="363"/>
</points>
</Connector>
</connectors>
</Diagram>