<?xml version = '1.0' encoding = 'UTF-8'?>
<Relation class="oracle.dbtools.crest.model.design.logical.Relation" name="1Player_MDocument" directorySegmentName="seg_0" id="38FA29C7-BA15-3E4F-E375-00B9C741B4BE">
<createdBy>Darius</createdBy>
<createdTime>2014-11-21 03:53:38 UTC</createdTime>
<ownerDesignName>Minecraft_LM</ownerDesignName>
<engineerTo>
<item key="16E4F3B8-8F4C-A058-4A8C-F11B68C2E5C7" value="true"/>
</engineerTo>
<sourcePk>7CB048BD-8D8F-FC12-DBCF-4E43A4813E75</sourcePk>
<identifying>false</identifying>
<optionalSource>true</optionalSource>
<optionalTarget>true</optionalTarget>
<sourceCardinality>1</sourceCardinality>
<sourceEntity>B5758D33-43C2-CC04-64DC-59B5760B0C84</sourceEntity>
<targetCardinalityString>*</targetCardinalityString>
<targetEntity>CB154279-ADB8-6EE3-7F7D-3AFEB2D71B99</targetEntity>
<transferable>true</transferable>
<deleteRule>NO ACTION</deleteRule>
</Relation>