<?xml version = '1.0' encoding = 'UTF-8'?>
<Relation class="oracle.dbtools.crest.model.design.logical.Relation" name="1Avatar_1Player" directorySegmentName="seg_0" id="44139FCC-1C0A-0544-AC90-5FCB638357D1">
<createdBy>Darius</createdBy>
<createdTime>2014-11-21 03:53:38 UTC</createdTime>
<ownerDesignName>Minecraft_LM</ownerDesignName>
<engineerTo>
<item key="16E4F3B8-8F4C-A058-4A8C-F11B68C2E5C7" value="true"/>
</engineerTo>
<sourcePk>9977DC63-4330-9043-2418-25518EE2D316</sourcePk>
<targetPk>7CB048BD-8D8F-FC12-DBCF-4E43A4813E75</targetPk>
<identifying>false</identifying>
<optionalSource>true</optionalSource>
<optionalTarget>true</optionalTarget>
<sourceCardinality>1</sourceCardinality>
<sourceEntity>2C4733BD-0AD2-7434-54D7-765844E6B564</sourceEntity>
<targetCardinalityString>1</targetCardinalityString>
<targetEntity>B5758D33-43C2-CC04-64DC-59B5760B0C84</targetEntity>
<transferable>true</transferable>
<deleteRule>NO ACTION</deleteRule>
</Relation>