<?xml version = '1.0' encoding = 'UTF-8'?>
<Relation class="oracle.dbtools.crest.model.design.logical.Relation" name="1Avatar_MItem" directorySegmentName="seg_0" id="4A5F04A5-0D96-ADB9-11C6-889C2C79A0FC">
<createdBy>Darius</createdBy>
<createdTime>2014-11-21 03:53:38 UTC</createdTime>
<ownerDesignName>Minecraft_LM</ownerDesignName>
<engineerTo>
<item key="16E4F3B8-8F4C-A058-4A8C-F11B68C2E5C7" value="true"/>
</engineerTo>
<sourcePk>9977DC63-4330-9043-2418-25518EE2D316</sourcePk>
<identifying>false</identifying>
<optionalSource>true</optionalSource>
<optionalTarget>true</optionalTarget>
<sourceCardinality>1</sourceCardinality>
<sourceEntity>2C4733BD-0AD2-7434-54D7-765844E6B564</sourceEntity>
<targetCardinalityString>*</targetCardinalityString>
<targetEntity>5F7C3F90-87C9-DEF9-0FD2-042702584FF2</targetEntity>
<transferable>true</transferable>
<deleteRule>NO ACTION</deleteRule>
</Relation>