<?xml version = '1.0' encoding = 'UTF-8'?>
<Relation class="oracle.dbtools.crest.model.design.logical.Relation" name="1Chunk_MOwnership" directorySegmentName="seg_0" id="513D1198-9F86-DD3F-7071-5CFE4B125B33">
<createdBy>Darius</createdBy>
<createdTime>2014-11-21 03:58:26 UTC</createdTime>
<ownerDesignName>Minecraft_LM</ownerDesignName>
<engineerTo>
<item key="16E4F3B8-8F4C-A058-4A8C-F11B68C2E5C7" value="true"/>
</engineerTo>
<sourcePk>1524006C-F1EE-F6C4-B23D-8F90AB8E1079</sourcePk>
<identifying>false</identifying>
<optionalSource>true</optionalSource>
<optionalTarget>true</optionalTarget>
<sourceCardinality>1</sourceCardinality>
<sourceEntity>A65537C5-61A2-7C5F-A4F8-E91A9B25217B</sourceEntity>
<targetCardinalityString>*</targetCardinalityString>
<targetEntity>0FE33607-66FE-9A96-2942-8AC3BDE68C3C</targetEntity>
<transferable>true</transferable>
<deleteRule>NO ACTION</deleteRule>
</Relation>