<?xml version = '1.0' encoding = 'UTF-8'?>
<Relation class="oracle.dbtools.crest.model.design.logical.Relation" name="1Avatar_MOwnership" directorySegmentName="seg_0" id="7976F4FA-D5EA-D507-4E7D-4F99529061D8">
<createdBy>Darius</createdBy>
<createdTime>2014-11-21 03:58:10 UTC</createdTime>
<ownerDesignName>Minecraft_LM</ownerDesignName>
<engineerTo>
<item key="16E4F3B8-8F4C-A058-4A8C-F11B68C2E5C7" value="true"/>
</engineerTo>
<sourcePk>9977DC63-4330-9043-2418-25518EE2D316</sourcePk>
<identifying>false</identifying>
<optionalSource>true</optionalSource>
<optionalTarget>true</optionalTarget>
<sourceCardinality>1</sourceCardinality>
<sourceEntity>2C4733BD-0AD2-7434-54D7-765844E6B564</sourceEntity>
<targetCardinalityString>*</targetCardinalityString>
<targetEntity>0FE33607-66FE-9A96-2942-8AC3BDE68C3C</targetEntity>
<transferable>true</transferable>
<deleteRule>NO ACTION</deleteRule>
</Relation>