<?xml version = '1.0' encoding = 'UTF-8'?>
<Relation class="oracle.dbtools.crest.model.design.logical.Relation" name="1Material_MItem" directorySegmentName="seg_0" id="F28E8785-1180-13E2-CDE9-FE1EA491BAC8">
<createdBy>Darius</createdBy>
<createdTime>2014-11-21 03:57:05 UTC</createdTime>
<ownerDesignName>Minecraft_LM</ownerDesignName>
<engineerTo>
<item key="16E4F3B8-8F4C-A058-4A8C-F11B68C2E5C7" value="true"/>
</engineerTo>
<sourcePk>41DD842C-AD12-E62B-7875-A0DD12869D46</sourcePk>
<identifying>false</identifying>
<optionalSource>true</optionalSource>
<optionalTarget>true</optionalTarget>
<sourceCardinality>1</sourceCardinality>
<sourceEntity>C9DF38BD-C9BB-2D4E-ADE2-32E616D77006</sourceEntity>
<targetCardinalityString>*</targetCardinalityString>
<targetEntity>5F7C3F90-87C9-DEF9-0FD2-042702584FF2</targetEntity>
<transferable>true</transferable>
<deleteRule>NO ACTION</deleteRule>
</Relation>