<?xml version = '1.0' encoding = 'UTF-8'?>
<Relation class="oracle.dbtools.crest.model.design.logical.InheritanceRelation" name="Hierarchy_15" directorySegmentName="seg_0" id="02265B31-7276-CE3F-F0FC-75BB06A85F07">
<createdBy>Darius</createdBy>
<createdTime>2014-11-21 02:19:56 UTC</createdTime>
<ownerDesignName>Minecraft_CM</ownerDesignName>
<engineerTo>
<item key="7C2AE43E-F97A-3824-6212-FCA38BE69E03" value="true"/>
</engineerTo>
<identifying>false</identifying>
<nameOnSource>Super Type</nameOnSource>
<nameOnTarget>Sub Type</nameOnTarget>
<optionalSource>true</optionalSource>
<optionalTarget>true</optionalTarget>
<sourceEntity>2335BA31-41A3-230F-0A1E-E668A9BE14CB</sourceEntity>
<targetEntity>5BEEE6E1-C447-2E0D-8614-56E29611377C</targetEntity>
<transferable>true</transferable>
<deleteRule>NO ACTION</deleteRule>
</Relation>