<?xml version = '1.0' encoding = 'UTF-8'?>
<Relation class="oracle.dbtools.crest.model.design.logical.InheritanceRelation" name="WeaponIsItem" directorySegmentName="seg_0" id="09E1AFF3-68D6-5F1E-222F-3C4572B28DD0">
<createdBy>Darius</createdBy>
<createdTime>2014-11-21 01:35:58 UTC</createdTime>
<ownerDesignName>Minecraft_CM</ownerDesignName>
<engineerTo>
<item key="7C2AE43E-F97A-3824-6212-FCA38BE69E03" value="true"/>
</engineerTo>
<identifying>false</identifying>
<nameOnSource>Super Type</nameOnSource>
<nameOnTarget>Sub Type</nameOnTarget>
<optionalSource>true</optionalSource>
<optionalTarget>true</optionalTarget>
<sourceEntity>16C927AB-7949-E12E-84BF-57D2222B7740</sourceEntity>
<targetEntity>C9AC673D-1B1F-52FE-97A5-9A1B7E3CEBCC</targetEntity>
<transferable>true</transferable>
<deleteRule>NO ACTION</deleteRule>
</Relation>