<?xml version = '1.0' encoding = 'UTF-8'?>
<Relation class="oracle.dbtools.crest.model.design.logical.InheritanceRelation" name="Hierarchy_19" directorySegmentName="seg_0" id="18AE0C25-C7D9-50A6-0060-FF0723D51B73">
<createdBy>Darius</createdBy>
<createdTime>2014-11-21 03:50:35 UTC</createdTime>
<ownerDesignName>Minecraft_CM</ownerDesignName>
<engineerTo>
<item key="7C2AE43E-F97A-3824-6212-FCA38BE69E03" value="true"/>
</engineerTo>
<identifying>false</identifying>
<nameOnSource>Super Type</nameOnSource>
<nameOnTarget>Sub Type</nameOnTarget>
<optionalSource>true</optionalSource>
<optionalTarget>true</optionalTarget>
<sourceEntity>71E380F0-21B5-3D3B-59A8-BDA897BE3E87</sourceEntity>
<targetEntity>7F5B167F-5B02-E7A5-0535-2D27E9AEF520</targetEntity>
<transferable>true</transferable>
<deleteRule>NO ACTION</deleteRule>
</Relation>