<?xml version = '1.0' encoding = 'UTF-8'?>
<Relation class="oracle.dbtools.crest.model.design.logical.InheritanceRelation" name="Hierarchy_18" directorySegmentName="seg_0" id="319D36F0-DF67-78C5-36AB-E4BED0AD581E">
<createdBy>Darius</createdBy>
<createdTime>2014-11-21 03:50:16 UTC</createdTime>
<ownerDesignName>Minecraft_CM</ownerDesignName>
<engineerTo>
<item key="7C2AE43E-F97A-3824-6212-FCA38BE69E03" value="true"/>
</engineerTo>
<identifying>false</identifying>
<nameOnSource>Super Type</nameOnSource>
<nameOnTarget>Sub Type</nameOnTarget>
<optionalSource>true</optionalSource>
<optionalTarget>true</optionalTarget>
<sourceEntity>71E380F0-21B5-3D3B-59A8-BDA897BE3E87</sourceEntity>
<targetEntity>2F0A3DDB-F78E-A5EC-B21B-BDA4B6FA5822</targetEntity>
<transferable>true</transferable>
<deleteRule>NO ACTION</deleteRule>
</Relation>