<?xml version = '1.0' encoding = 'UTF-8'?>
<Relation class="oracle.dbtools.crest.model.design.logical.InheritanceRelation" name="Hierarchy_17" directorySegmentName="seg_0" id="72BB7ECB-EC59-C8A9-4B3C-C4AAC0ECDFE3">
<createdBy>Darius</createdBy>
<createdTime>2014-11-21 02:21:53 UTC</createdTime>
<ownerDesignName>Minecraft_CM</ownerDesignName>
<engineerTo>
<item key="7C2AE43E-F97A-3824-6212-FCA38BE69E03" value="true"/>
</engineerTo>
<identifying>false</identifying>
<nameOnSource>Super Type</nameOnSource>
<nameOnTarget>Sub Type</nameOnTarget>
<optionalSource>true</optionalSource>
<optionalTarget>true</optionalTarget>
<sourceEntity>2335BA31-41A3-230F-0A1E-E668A9BE14CB</sourceEntity>
<targetEntity>BE1C4DD1-8248-49EB-3A10-3CA99E9E2603</targetEntity>
<transferable>true</transferable>
<deleteRule>NO ACTION</deleteRule>
</Relation>