<?xml version = '1.0' encoding = 'UTF-8'?>
<Relation class="oracle.dbtools.crest.model.design.logical.InheritanceRelation" name="FoodIsItem" directorySegmentName="seg_0" id="A214DEDA-89FF-73FB-1F47-7BB846E68514">
<createdBy>Darius</createdBy>
<createdTime>2014-11-21 02:04:47 UTC</createdTime>
<ownerDesignName>Minecraft_CM</ownerDesignName>
<engineerTo>
<item key="7C2AE43E-F97A-3824-6212-FCA38BE69E03" value="true"/>
</engineerTo>
<identifying>false</identifying>
<nameOnSource>Super Type</nameOnSource>
<nameOnTarget>Sub Type</nameOnTarget>
<optionalSource>true</optionalSource>
<optionalTarget>true</optionalTarget>
<sourceEntity>16C927AB-7949-E12E-84BF-57D2222B7740</sourceEntity>
<targetEntity>9462BD54-2915-93C9-DDF1-914DEC68069D</targetEntity>
<transferable>true</transferable>
<deleteRule>NO ACTION</deleteRule>
</Relation>