<?xml version = '1.0' encoding = 'UTF-8'?>
<Relation class="oracle.dbtools.crest.model.design.logical.InheritanceRelation" name="Hierarchy_20" directorySegmentName="seg_0" id="A59E94B2-F178-9507-A63A-310FF4761D77">
<createdBy>Darius</createdBy>
<createdTime>2014-11-21 03:51:04 UTC</createdTime>
<ownerDesignName>Minecraft_CM</ownerDesignName>
<engineerTo>
<item key="7C2AE43E-F97A-3824-6212-FCA38BE69E03" value="true"/>
</engineerTo>
<identifying>false</identifying>
<nameOnSource>Super Type</nameOnSource>
<nameOnTarget>Sub Type</nameOnTarget>
<optionalSource>true</optionalSource>
<optionalTarget>true</optionalTarget>
<sourceEntity>71E380F0-21B5-3D3B-59A8-BDA897BE3E87</sourceEntity>
<targetEntity>FAFD78A3-0441-05AD-9667-BC0B180933C5</targetEntity>
<transferable>true</transferable>
<deleteRule>NO ACTION</deleteRule>
</Relation>