<?xml version = '1.0' encoding = 'UTF-8'?>
<Relation class="oracle.dbtools.crest.model.design.logical.InheritanceRelation" name="Hierarchy_14" directorySegmentName="seg_0" id="D305D345-ED4F-687C-7823-30B5A543F171">
<createdBy>Darius</createdBy>
<createdTime>2014-11-21 02:19:39 UTC</createdTime>
<ownerDesignName>Minecraft_CM</ownerDesignName>
<engineerTo>
<item key="7C2AE43E-F97A-3824-6212-FCA38BE69E03" value="true"/>
</engineerTo>
<identifying>false</identifying>
<nameOnSource>Super Type</nameOnSource>
<nameOnTarget>Sub Type</nameOnTarget>
<optionalSource>true</optionalSource>
<optionalTarget>true</optionalTarget>
<sourceEntity>2335BA31-41A3-230F-0A1E-E668A9BE14CB</sourceEntity>
<targetEntity>756B1AF3-E7BB-A69D-FAB1-9A6C366463B9</targetEntity>
<transferable>true</transferable>
<deleteRule>NO ACTION</deleteRule>
</Relation>