<?xml version = '1.0' encoding = 'UTF-8'?>
<Relation class="oracle.dbtools.crest.model.design.logical.InheritanceRelation" name="ArmorIsItem" directorySegmentName="seg_0" id="D9E6D4D9-91B5-2290-DA7E-92088B0540C1">
<createdBy>Darius</createdBy>
<createdTime>2014-11-21 01:55:57 UTC</createdTime>
<ownerDesignName>Minecraft_CM</ownerDesignName>
<engineerTo>
<item key="7C2AE43E-F97A-3824-6212-FCA38BE69E03" value="true"/>
</engineerTo>
<identifying>false</identifying>
<nameOnSource>Super Type</nameOnSource>
<nameOnTarget>Sub Type</nameOnTarget>
<optionalSource>true</optionalSource>
<optionalTarget>true</optionalTarget>
<sourceEntity>16C927AB-7949-E12E-84BF-57D2222B7740</sourceEntity>
<targetEntity>2335BA31-41A3-230F-0A1E-E668A9BE14CB</targetEntity>
<transferable>true</transferable>
<deleteRule>NO ACTION</deleteRule>
</Relation>