<?xml version = '1.0' encoding = 'UTF-8'?>
<Relation class="oracle.dbtools.crest.model.design.logical.InheritanceRelation" name="Hierarchy_21" directorySegmentName="seg_0" id="DB3B3B9E-A6D1-4AD1-9DE3-C88847F09F45">
<createdBy>Darius</createdBy>
<createdTime>2014-11-21 03:51:21 UTC</createdTime>
<ownerDesignName>Minecraft_CM</ownerDesignName>
<engineerTo>
<item key="7C2AE43E-F97A-3824-6212-FCA38BE69E03" value="true"/>
</engineerTo>
<identifying>false</identifying>
<nameOnSource>Super Type</nameOnSource>
<nameOnTarget>Sub Type</nameOnTarget>
<optionalSource>true</optionalSource>
<optionalTarget>true</optionalTarget>
<sourceEntity>71E380F0-21B5-3D3B-59A8-BDA897BE3E87</sourceEntity>
<targetEntity>605C4B33-E0AC-BFE1-0E50-D5C2BE8DFCF1</targetEntity>
<transferable>true</transferable>
<deleteRule>NO ACTION</deleteRule>
</Relation>