<?xml version = '1.0' encoding = 'UTF-8'?>
<Relation class="oracle.dbtools.crest.model.design.logical.InheritanceRelation" name="Hierarchy_16" directorySegmentName="seg_0" id="E4786F1D-F0E3-A65F-73A3-C00F3802FACC">
<createdBy>Darius</createdBy>
<createdTime>2014-11-21 02:21:14 UTC</createdTime>
<ownerDesignName>Minecraft_CM</ownerDesignName>
<engineerTo>
<item key="7C2AE43E-F97A-3824-6212-FCA38BE69E03" value="true"/>
</engineerTo>
<identifying>false</identifying>
<nameOnSource>Super Type</nameOnSource>
<nameOnTarget>Sub Type</nameOnTarget>
<optionalSource>true</optionalSource>
<optionalTarget>true</optionalTarget>
<sourceEntity>2335BA31-41A3-230F-0A1E-E668A9BE14CB</sourceEntity>
<targetEntity>30779B0E-144F-D7C2-FD53-9C844E422704</targetEntity>
<transferable>true</transferable>
<deleteRule>NO ACTION</deleteRule>
</Relation>