<?xml version = '1.0' encoding = 'UTF-8'?>
<Relation class="oracle.dbtools.crest.model.design.logical.InheritanceRelation" name="Hierarchy_13" directorySegmentName="seg_0" id="F20D7A5B-D4AC-829A-80EB-F71755452249">
<createdBy>Darius</createdBy>
<createdTime>2014-11-21 02:17:55 UTC</createdTime>
<ownerDesignName>Minecraft_CM</ownerDesignName>
<engineerTo>
<item key="7C2AE43E-F97A-3824-6212-FCA38BE69E03" value="true"/>
</engineerTo>
<identifying>false</identifying>
<nameOnSource>Super Type</nameOnSource>
<nameOnTarget>Sub Type</nameOnTarget>
<optionalSource>true</optionalSource>
<optionalTarget>true</optionalTarget>
<sourceEntity>C9AC673D-1B1F-52FE-97A5-9A1B7E3CEBCC</sourceEntity>
<targetEntity>3F780C65-A6A3-B11A-9B5C-CF453A11E7C7</targetEntity>
<transferable>true</transferable>
<deleteRule>NO ACTION</deleteRule>
</Relation>