<?xml version = '1.0' encoding = 'UTF-8'?>
<Relation class="oracle.dbtools.crest.model.design.logical.InheritanceRelation" name="ToolIsItem" directorySegmentName="seg_0" id="F33E403D-CEC7-53E7-7BEB-33390ACFC20A">
<createdBy>Darius</createdBy>
<createdTime>2014-11-21 02:03:33 UTC</createdTime>
<ownerDesignName>Minecraft_CM</ownerDesignName>
<engineerTo>
<item key="7C2AE43E-F97A-3824-6212-FCA38BE69E03" value="true"/>
</engineerTo>
<identifying>false</identifying>
<nameOnSource>Super Type</nameOnSource>
<nameOnTarget>Sub Type</nameOnTarget>
<optionalSource>true</optionalSource>
<optionalTarget>true</optionalTarget>
<sourceEntity>16C927AB-7949-E12E-84BF-57D2222B7740</sourceEntity>
<targetEntity>71E380F0-21B5-3D3B-59A8-BDA897BE3E87</targetEntity>
<transferable>true</transferable>
<deleteRule>NO ACTION</deleteRule>
</Relation>