<?xml version = '1.0' encoding = 'UTF-8'?>
<Relation class="oracle.dbtools.crest.model.design.logical.InheritanceRelation" name="Hierarchy_12" directorySegmentName="seg_0" id="F866F8EC-F93D-B348-BF6D-8F6DCDF2AD5E">
<createdBy>Darius</createdBy>
<createdTime>2014-11-21 02:11:24 UTC</createdTime>
<ownerDesignName>Minecraft_CM</ownerDesignName>
<engineerTo>
<item key="7C2AE43E-F97A-3824-6212-FCA38BE69E03" value="true"/>
</engineerTo>
<identifying>false</identifying>
<nameOnSource>Super Type</nameOnSource>
<nameOnTarget>Sub Type</nameOnTarget>
<optionalSource>true</optionalSource>
<optionalTarget>true</optionalTarget>
<sourceEntity>C9AC673D-1B1F-52FE-97A5-9A1B7E3CEBCC</sourceEntity>
<targetEntity>9A3E50DF-9365-310D-D536-42166417733B</targetEntity>
<transferable>true</transferable>
<deleteRule>NO ACTION</deleteRule>
</Relation>