<?xml version = '1.0' encoding = 'UTF-8'?>
<Entity class="oracle.dbtools.crest.model.design.logical.Entity" directorySegmentName="seg_0" id="141D5BBB-B452-4D38-8648-92F4942D792E" name="MC_Player">
<createdBy>Darius</createdBy>
<createdTime>2014-11-21 03:36:16 UTC</createdTime>
<ownerDesignName>Minecraft_CM</ownerDesignName>
<engineerTo>
<item key="7C2AE43E-F97A-3824-6212-FCA38BE69E03" value="true"/>
</engineerTo>
<adequatelyNormalized>NO</adequatelyNormalized>
<expectedVolumes>0</expectedVolumes>
<fwdEngineeringStrategyName>Single Table</fwdEngineeringStrategyName>
<growthPercent>0</growthPercent>
<growthType>Year</growthType>
<maxVolumes>9999999</maxVolumes>
<minVolumes>0</minVolumes>
<normalForm>Third</normalForm>
<attributes itemClass="oracle.dbtools.crest.model.design.logical.Attribute">
<Attribute name="id" id="938F5D39-E073-12A7-C1DD-68F5371F7A61">
<createdBy>Darius</createdBy>
<createdTime>2014-11-21 03:36:22 UTC</createdTime>
<ownerDesignName>Minecraft_CM</ownerDesignName>
<engineerTo>
<item key="7C2AE43E-F97A-3824-6212-FCA38BE69E03" value="true"/>
</engineerTo>
<useDomainConstraints>false</useDomainConstraints>
<use>1</use>
<logicalDatatype>LOGDT011</logicalDatatype>
</Attribute>
<Attribute name="first_name" id="050E08FF-12D6-F5BC-2D2C-681F8857ADFB">
<createdBy>Darius</createdBy>
<createdTime>2014-11-21 03:36:26 UTC</createdTime>
<ownerDesignName>Minecraft_CM</ownerDesignName>
<engineerTo>
<item key="7C2AE43E-F97A-3824-6212-FCA38BE69E03" value="true"/>
</engineerTo>
<nullsAllowed>true</nullsAllowed>
<useDomainConstraints>false</useDomainConstraints>
<use>1</use>
<logicalDatatype>LOGDT024</logicalDatatype>
<dataTypeSize>64 CHAR</dataTypeSize>
</Attribute>
<Attribute name="last_name" id="9514E63D-58C9-12BB-FAF4-42D511308D9A">
<createdBy>Darius</createdBy>
<createdTime>2014-11-21 03:36:50 UTC</createdTime>
<ownerDesignName>Minecraft_CM</ownerDesignName>
<engineerTo>
<item key="7C2AE43E-F97A-3824-6212-FCA38BE69E03" value="true"/>
</engineerTo>
<nullsAllowed>true</nullsAllowed>
<useDomainConstraints>false</useDomainConstraints>
<use>1</use>
<logicalDatatype>LOGDT024</logicalDatatype>
<dataTypeSize>64 CHAR</dataTypeSize>
</Attribute>
<Attribute name="ip_address" id="774183B5-C10C-B2C3-3027-E23640E1D8C8">
<createdBy>Darius</createdBy>
<createdTime>2014-11-21 03:37:08 UTC</createdTime>
<ownerDesignName>Minecraft_CM</ownerDesignName>
<engineerTo>
<item key="7C2AE43E-F97A-3824-6212-FCA38BE69E03" value="true"/>
</engineerTo>
<nullsAllowed>true</nullsAllowed>
<useDomainConstraints>false</useDomainConstraints>
<use>1</use>
<logicalDatatype>LOGDT024</logicalDatatype>
<dataTypeSize>16 CHAR</dataTypeSize>
</Attribute>
<Attribute name="default_lang" id="4F8C02A5-A0BF-D49A-2179-820B3D3C2724">
<createdBy>Darius</createdBy>
<createdTime>2014-11-21 03:39:03 UTC</createdTime>
<ownerDesignName>Minecraft_CM</ownerDesignName>
<engineerTo>
<item key="7C2AE43E-F97A-3824-6212-FCA38BE69E03" value="true"/>
</engineerTo>
<nullsAllowed>true</nullsAllowed>
<useDomainConstraints>false</useDomainConstraints>
<use>1</use>
<logicalDatatype>LOGDT024</logicalDatatype>
<dataTypeSize>64 CHAR</dataTypeSize>
</Attribute>
<Attribute name="avatar_id" id="C508C201-7318-2AAF-2B31-EDC282CDE072">
<createdBy>Darius</createdBy>
<createdTime>2014-11-21 03:39:48 UTC</createdTime>
<generatorID>BE63A08D-1883-0603-1186-66F0AC29E575</generatorID>
<ownerDesignName>Minecraft_CM</ownerDesignName>
<engineerTo>
<item key="7C2AE43E-F97A-3824-6212-FCA38BE69E03" value="true"/>
</engineerTo>
<nullsAllowed>true</nullsAllowed>
<referedAttribute>2CA2CFD4-7226-EDAD-F335-5AAE70837DC4</referedAttribute>
<useDomainConstraints>false</useDomainConstraints>
<use>1</use>
<logicalDatatype>LOGDT011</logicalDatatype>
</Attribute>
</attributes>
<identifiers itemClass="oracle.dbtools.crest.model.design.logical.CandidateKey">
<identifier id="4C66003F-1510-DD79-B38E-A143D61635DA" name="MC_Player PK">
<createdBy>Darius</createdBy>
<createdTime>2014-11-21 03:37:30 UTC</createdTime>
<ownerDesignName>Minecraft_CM</ownerDesignName>
<engineerTo>
<item key="7C2AE43E-F97A-3824-6212-FCA38BE69E03" value="true"/>
</engineerTo>
<pk>true</pk>
<usedAttributes>
<attributeRef>938F5D39-E073-12A7-C1DD-68F5371F7A61</attributeRef>
</usedAttributes>
</identifier>
</identifiers>
</Entity>