<?xml version = '1.0' encoding = 'UTF-8'?>
<Entity class="oracle.dbtools.crest.model.design.logical.Entity" directorySegmentName="seg_0" id="16C927AB-7949-E12E-84BF-57D2222B7740" name="MC_Item">
<createdBy>Darius</createdBy>
<createdTime>2014-11-20 23:41:04 UTC</createdTime>
<ownerDesignName>Minecraft_CM</ownerDesignName>
<engineerTo>
<item key="7C2AE43E-F97A-3824-6212-FCA38BE69E03" value="true"/>
</engineerTo>
<adequatelyNormalized>NO</adequatelyNormalized>
<expectedVolumes>0</expectedVolumes>
<fwdEngineeringStrategyName>Single Table</fwdEngineeringStrategyName>
<growthPercent>0</growthPercent>
<growthType>Year</growthType>
<maxVolumes>9999999</maxVolumes>
<minVolumes>0</minVolumes>
<normalForm>Third</normalForm>
<attributes itemClass="oracle.dbtools.crest.model.design.logical.Attribute">
<Attribute name="id" id="052C68FD-254E-13B0-05FE-239820321142">
<createdBy>Darius</createdBy>
<createdTime>2014-11-20 23:41:04 UTC</createdTime>
<ownerDesignName>Minecraft_CM</ownerDesignName>
<importedID>2D735629-1DF7-7545-70FE-D7B984D901B0</importedID>
<engineerTo>
<item key="7C2AE43E-F97A-3824-6212-FCA38BE69E03" value="true"/>
</engineerTo>
<useDomainConstraints>false</useDomainConstraints>
<use>1</use>
<logicalDatatype>LOGDT011</logicalDatatype>
</Attribute>
<Attribute name="name" id="30FB6C55-8E62-2163-5358-FC5D9E12E388">
<createdBy>Darius</createdBy>
<createdTime>2014-11-20 23:41:04 UTC</createdTime>
<ownerDesignName>Minecraft_CM</ownerDesignName>
<importedID>65AC83F7-BB59-255B-F479-20C5064FC711</importedID>
<engineerTo>
<item key="7C2AE43E-F97A-3824-6212-FCA38BE69E03" value="true"/>
</engineerTo>
<nullsAllowed>true</nullsAllowed>
<useDomainConstraints>false</useDomainConstraints>
<use>1</use>
<logicalDatatype>LOGDT024</logicalDatatype>
<dataTypeSize>64 CHAR</dataTypeSize>
</Attribute>
<Attribute name="amount" id="5C3B845D-A601-7CC0-8183-420D38EFD581">
<createdBy>Darius</createdBy>
<createdTime>2014-11-20 23:41:04 UTC</createdTime>
<ownerDesignName>Minecraft_CM</ownerDesignName>
<importedID>2A636841-58E2-C22F-AD55-7DBACAE280BF</importedID>
<engineerTo>
<item key="7C2AE43E-F97A-3824-6212-FCA38BE69E03" value="true"/>
</engineerTo>
<nullsAllowed>true</nullsAllowed>
<useDomainConstraints>false</useDomainConstraints>
<use>1</use>
<logicalDatatype>LOGDT011</logicalDatatype>
</Attribute>
<Attribute name="owner_id" id="6D312390-913D-BFEC-FD31-A2CA24A3EA32">
<createdBy>Darius</createdBy>
<createdTime>2014-11-21 03:21:33 UTC</createdTime>
<generatorID>E20004A6-0BD8-1FF3-C373-5061DDD628D7</generatorID>
<ownerDesignName>Minecraft_CM</ownerDesignName>
<engineerTo>
<item key="7C2AE43E-F97A-3824-6212-FCA38BE69E03" value="true"/>
</engineerTo>
<nullsAllowed>true</nullsAllowed>
<referedAttribute>2CA2CFD4-7226-EDAD-F335-5AAE70837DC4</referedAttribute>
<useDomainConstraints>false</useDomainConstraints>
<use>1</use>
<logicalDatatype>LOGDT011</logicalDatatype>
</Attribute>
</attributes>
<identifiers itemClass="oracle.dbtools.crest.model.design.logical.CandidateKey">
<identifier id="D0D5DD15-B5CA-7570-240C-5F6372E3C380" name="MC_Item PK">
<createdBy>Darius</createdBy>
<createdTime>2014-11-20 23:41:04 UTC</createdTime>
<ownerDesignName>Minecraft_CM</ownerDesignName>
<engineerTo>
<item key="7C2AE43E-F97A-3824-6212-FCA38BE69E03" value="true"/>
</engineerTo>
<pk>true</pk>
<usedAttributes>
<attributeRef>052C68FD-254E-13B0-05FE-239820321142</attributeRef>
</usedAttributes>
</identifier>
</identifiers>
</Entity>