<?xml version = '1.0' encoding = 'UTF-8'?>
<Entity class="oracle.dbtools.crest.model.design.logical.Entity" directorySegmentName="seg_0" id="1CA5BD4B-F9A4-83C4-2B64-788A71ABAAFA" name="MC_Avatar">
<createdBy>Darius</createdBy>
<createdTime>2014-11-20 23:41:04 UTC</createdTime>
<ownerDesignName>Minecraft_CM</ownerDesignName>
<engineerTo>
<item key="7C2AE43E-F97A-3824-6212-FCA38BE69E03" value="true"/>
</engineerTo>
<adequatelyNormalized>NO</adequatelyNormalized>
<expectedVolumes>0</expectedVolumes>
<fwdEngineeringStrategyName>Single Table</fwdEngineeringStrategyName>
<growthPercent>0</growthPercent>
<growthType>Year</growthType>
<maxVolumes>9999999</maxVolumes>
<minVolumes>0</minVolumes>
<normalForm>Third</normalForm>
<attributes itemClass="oracle.dbtools.crest.model.design.logical.Attribute">
<Attribute name="id" id="2CA2CFD4-7226-EDAD-F335-5AAE70837DC4">
<createdBy>Darius</createdBy>
<createdTime>2014-11-20 23:41:04 UTC</createdTime>
<ownerDesignName>Minecraft_CM</ownerDesignName>
<importedID>325F2A49-FFEB-B759-A1C6-303AA1EF6CFB</importedID>
<engineerTo>
<item key="7C2AE43E-F97A-3824-6212-FCA38BE69E03" value="true"/>
</engineerTo>
<useDomainConstraints>false</useDomainConstraints>
<use>1</use>
<logicalDatatype>LOGDT011</logicalDatatype>
</Attribute>
<Attribute name="name" id="654DF55F-53D8-1819-0F11-DF3F7328ABED">
<createdBy>Darius</createdBy>
<createdTime>2014-11-20 23:41:04 UTC</createdTime>
<ownerDesignName>Minecraft_CM</ownerDesignName>
<importedID>F0A27517-A336-0E3C-70F7-AFD9A5CD7EF0</importedID>
<engineerTo>
<item key="7C2AE43E-F97A-3824-6212-FCA38BE69E03" value="true"/>
</engineerTo>
<nullsAllowed>true</nullsAllowed>
<useDomainConstraints>false</useDomainConstraints>
<use>1</use>
<logicalDatatype>LOGDT024</logicalDatatype>
<dataTypeSize>64 CHAR</dataTypeSize>
</Attribute>
<Attribute name="health" id="3A889C8F-F237-85D8-BB9F-9F99C24246B2">
<createdBy>Darius</createdBy>
<createdTime>2014-11-20 23:41:04 UTC</createdTime>
<ownerDesignName>Minecraft_CM</ownerDesignName>
<importedID>8368848F-BBD0-838C-6EA4-8C6375F32ADB</importedID>
<engineerTo>
<item key="7C2AE43E-F97A-3824-6212-FCA38BE69E03" value="true"/>
</engineerTo>
<nullsAllowed>true</nullsAllowed>
<useDomainConstraints>false</useDomainConstraints>
<use>1</use>
<logicalDatatype>LOGDT011</logicalDatatype>
</Attribute>
<Attribute name="current_spawn" id="C094E481-9392-340C-DCFD-53132C549C31">
<createdBy>Darius</createdBy>
<createdTime>2014-11-20 23:41:04 UTC</createdTime>
<ownerDesignName>Minecraft_CM</ownerDesignName>
<importedID>F8794EC6-3D92-C3AC-F0F8-31A763566429</importedID>
<engineerTo>
<item key="7C2AE43E-F97A-3824-6212-FCA38BE69E03" value="true"/>
</engineerTo>
<nullsAllowed>true</nullsAllowed>
<useDomainConstraints>false</useDomainConstraints>
<use>1</use>
<logicalDatatype>LOGDT024</logicalDatatype>
<dataTypeSize>16 CHAR</dataTypeSize>
</Attribute>
<Attribute name="hunger" id="5262CD67-5CA8-9653-1AAA-E012D258A11D">
<createdBy>Darius</createdBy>
<createdTime>2014-11-20 23:41:04 UTC</createdTime>
<ownerDesignName>Minecraft_CM</ownerDesignName>
<importedID>EAEE7FAC-7A80-F491-A2FC-E08E5AA55A45</importedID>
<engineerTo>
<item key="7C2AE43E-F97A-3824-6212-FCA38BE69E03" value="true"/>
</engineerTo>
<nullsAllowed>true</nullsAllowed>
<useDomainConstraints>false</useDomainConstraints>
<use>1</use>
<logicalDatatype>LOGDT011</logicalDatatype>
</Attribute>
<Attribute name="experience" id="050B8434-8560-A31A-498A-AC80F35AAE9F">
<createdBy>Darius</createdBy>
<createdTime>2014-11-20 23:41:04 UTC</createdTime>
<ownerDesignName>Minecraft_CM</ownerDesignName>
<importedID>E0F5846B-EB89-3952-9684-A96F43F09387</importedID>
<engineerTo>
<item key="7C2AE43E-F97A-3824-6212-FCA38BE69E03" value="true"/>
</engineerTo>
<nullsAllowed>true</nullsAllowed>
<useDomainConstraints>false</useDomainConstraints>
<use>1</use>
<logicalDatatype>LOGDT011</logicalDatatype>
</Attribute>
<Attribute name="player_id" id="6A1DFAB1-C33F-A90A-6742-CA501FD97177">
<createdBy>Darius</createdBy>
<createdTime>2014-11-21 03:39:55 UTC</createdTime>
<generatorID>BE63A08D-1883-0603-1186-66F0AC29E575</generatorID>
<ownerDesignName>Minecraft_CM</ownerDesignName>
<engineerTo>
<item key="7C2AE43E-F97A-3824-6212-FCA38BE69E03" value="true"/>
</engineerTo>
<nullsAllowed>true</nullsAllowed>
<referedAttribute>938F5D39-E073-12A7-C1DD-68F5371F7A61</referedAttribute>
<useDomainConstraints>false</useDomainConstraints>
<use>1</use>
<logicalDatatype>LOGDT011</logicalDatatype>
</Attribute>
</attributes>
<identifiers itemClass="oracle.dbtools.crest.model.design.logical.CandidateKey">
<identifier id="D48FB196-2E2A-2921-1319-F11C531AAD80" name="MC_Avatar PK">
<createdBy>Darius</createdBy>
<createdTime>2014-11-20 23:41:04 UTC</createdTime>
<ownerDesignName>Minecraft_CM</ownerDesignName>
<engineerTo>
<item key="7C2AE43E-F97A-3824-6212-FCA38BE69E03" value="true"/>
</engineerTo>
<pk>true</pk>
<usedAttributes>
<attributeRef>2CA2CFD4-7226-EDAD-F335-5AAE70837DC4</attributeRef>
</usedAttributes>
</identifier>
</identifiers>
</Entity>