<?xml version = '1.0' encoding = 'UTF-8'?>
<Entity class="oracle.dbtools.crest.model.design.logical.Entity" directorySegmentName="seg_0" id="2335BA31-41A3-230F-0A1E-E668A9BE14CB" name="MC_Armor">
<createdBy>Darius</createdBy>
<createdTime>2014-11-21 01:53:58 UTC</createdTime>
<ownerDesignName>Minecraft_CM</ownerDesignName>
<engineerTo>
<item key="7C2AE43E-F97A-3824-6212-FCA38BE69E03" value="true"/>
</engineerTo>
<adequatelyNormalized>NO</adequatelyNormalized>
<expectedVolumes>0</expectedVolumes>
<fwdEngineeringStrategyName>Single Table</fwdEngineeringStrategyName>
<growthPercent>0</growthPercent>
<growthType>Year</growthType>
<hierarchicalParent>16C927AB-7949-E12E-84BF-57D2222B7740</hierarchicalParent>
<maxVolumes>9999999</maxVolumes>
<minVolumes>0</minVolumes>
<normalForm>Third</normalForm>
<attributes itemClass="oracle.dbtools.crest.model.design.logical.Attribute">
<Attribute name="id" id="D09313EE-EE15-1D22-CDF8-7F42745B4A3A">
<createdBy>Darius</createdBy>
<createdTime>2014-11-21 01:54:03 UTC</createdTime>
<ownerDesignName>Minecraft_CM</ownerDesignName>
<engineerTo>
<item key="7C2AE43E-F97A-3824-6212-FCA38BE69E03" value="true"/>
</engineerTo>
<useDomainConstraints>false</useDomainConstraints>
<use>1</use>
<logicalDatatype>LOGDT011</logicalDatatype>
</Attribute>
<Attribute name="durability" id="F3A6C163-9CEC-F0C5-AF82-669007C38637">
<createdBy>Darius</createdBy>
<createdTime>2014-11-21 02:04:00 UTC</createdTime>
<ownerDesignName>Minecraft_CM</ownerDesignName>
<engineerTo>
<item key="7C2AE43E-F97A-3824-6212-FCA38BE69E03" value="true"/>
</engineerTo>
<nullsAllowed>true</nullsAllowed>
<useDomainConstraints>false</useDomainConstraints>
<use>1</use>
<logicalDatatype>LOGDT011</logicalDatatype>
</Attribute>
<Attribute name="armor" id="6F99FE68-D815-A24A-6D3F-1634F73F9537">
<createdBy>Darius</createdBy>
<createdTime>2014-11-21 01:54:10 UTC</createdTime>
<ownerDesignName>Minecraft_CM</ownerDesignName>
<engineerTo>
<item key="7C2AE43E-F97A-3824-6212-FCA38BE69E03" value="true"/>
</engineerTo>
<nullsAllowed>true</nullsAllowed>
<useDomainConstraints>false</useDomainConstraints>
<use>1</use>
<logicalDatatype>LOGDT011</logicalDatatype>
</Attribute>
<Attribute name="material_id" id="82568FEF-FBFF-A627-D101-939E351BB3F8">
<createdBy>Darius</createdBy>
<createdTime>2014-11-21 02:06:31 UTC</createdTime>
<generatorID>81BF8B69-0DDB-2002-3DCF-DBC7086B40D4</generatorID>
<ownerDesignName>Minecraft_CM</ownerDesignName>
<engineerTo>
<item key="7C2AE43E-F97A-3824-6212-FCA38BE69E03" value="true"/>
</engineerTo>
<nullsAllowed>true</nullsAllowed>
<referedAttribute>BC4185C0-CE27-9EEC-1213-D7AE770DAFCC</referedAttribute>
<useDomainConstraints>false</useDomainConstraints>
<use>1</use>
<logicalDatatype>LOGDT011</logicalDatatype>
</Attribute>
</attributes>
<identifiers itemClass="oracle.dbtools.crest.model.design.logical.CandidateKey">
<identifier id="25D584D3-C380-EFFE-AEF8-44A9D34EC39B" name="MC_Armor PK">
<createdBy>Darius</createdBy>
<createdTime>2014-11-21 01:54:09 UTC</createdTime>
<ownerDesignName>Minecraft_CM</ownerDesignName>
<engineerTo>
<item key="7C2AE43E-F97A-3824-6212-FCA38BE69E03" value="true"/>
</engineerTo>
<pk>true</pk>
<usedAttributes>
<attributeRef>D09313EE-EE15-1D22-CDF8-7F42745B4A3A</attributeRef>
</usedAttributes>
</identifier>
</identifiers>
</Entity>