<?xml version = '1.0' encoding = 'UTF-8'?>
<Entity class="oracle.dbtools.crest.model.design.logical.Entity" directorySegmentName="seg_0" id="4FF8ACA5-A756-77FD-895D-AFA87F7FE5E3" name="MC_Material">
<createdBy>Darius</createdBy>
<createdTime>2014-11-20 23:41:04 UTC</createdTime>
<ownerDesignName>Minecraft_CM</ownerDesignName>
<engineerTo>
<item key="7C2AE43E-F97A-3824-6212-FCA38BE69E03" value="true"/>
</engineerTo>
<adequatelyNormalized>NO</adequatelyNormalized>
<expectedVolumes>0</expectedVolumes>
<fwdEngineeringStrategyName>Single Table</fwdEngineeringStrategyName>
<growthPercent>0</growthPercent>
<growthType>Year</growthType>
<maxVolumes>9999999</maxVolumes>
<minVolumes>0</minVolumes>
<normalForm>Third</normalForm>
<attributes itemClass="oracle.dbtools.crest.model.design.logical.Attribute">
<Attribute name="id" id="BC4185C0-CE27-9EEC-1213-D7AE770DAFCC">
<createdBy>Darius</createdBy>
<createdTime>2014-11-20 23:41:04 UTC</createdTime>
<ownerDesignName>Minecraft_CM</ownerDesignName>
<importedID>81BA325F-1987-9A17-8A43-A24C7C682278</importedID>
<engineerTo>
<item key="7C2AE43E-F97A-3824-6212-FCA38BE69E03" value="true"/>
</engineerTo>
<useDomainConstraints>false</useDomainConstraints>
<use>1</use>
<logicalDatatype>LOGDT011</logicalDatatype>
</Attribute>
<Attribute name="name" id="C8FE6895-4BA2-BAFC-B002-77B45F32F03A">
<createdBy>Darius</createdBy>
<createdTime>2014-11-20 23:41:04 UTC</createdTime>
<ownerDesignName>Minecraft_CM</ownerDesignName>
<importedID>234D59EB-F25E-835D-6CB8-F49B1D19441D</importedID>
<engineerTo>
<item key="7C2AE43E-F97A-3824-6212-FCA38BE69E03" value="true"/>
</engineerTo>
<nullsAllowed>true</nullsAllowed>
<useDomainConstraints>false</useDomainConstraints>
<use>1</use>
<logicalDatatype>LOGDT024</logicalDatatype>
<dataTypeSize>64 CHAR</dataTypeSize>
</Attribute>
</attributes>
<identifiers itemClass="oracle.dbtools.crest.model.design.logical.CandidateKey">
<identifier id="CC2E81D6-E8E0-2DDC-C1EE-938E76046C27" name="MC_Material PK">
<createdBy>Darius</createdBy>
<createdTime>2014-11-20 23:41:04 UTC</createdTime>
<ownerDesignName>Minecraft_CM</ownerDesignName>
<engineerTo>
<item key="7C2AE43E-F97A-3824-6212-FCA38BE69E03" value="true"/>
</engineerTo>
<pk>true</pk>
<usedAttributes>
<attributeRef>BC4185C0-CE27-9EEC-1213-D7AE770DAFCC</attributeRef>
</usedAttributes>
</identifier>
</identifiers>
</Entity>