<?xml version = '1.0' encoding = 'UTF-8'?>
<Entity class="oracle.dbtools.crest.model.design.logical.Entity" directorySegmentName="seg_0" id="71E380F0-21B5-3D3B-59A8-BDA897BE3E87" name="MC_Tool">
<createdBy>Darius</createdBy>
<createdTime>2014-11-21 02:02:54 UTC</createdTime>
<ownerDesignName>Minecraft_CM</ownerDesignName>
<engineerTo>
<item key="7C2AE43E-F97A-3824-6212-FCA38BE69E03" value="true"/>
</engineerTo>
<adequatelyNormalized>NO</adequatelyNormalized>
<expectedVolumes>0</expectedVolumes>
<fwdEngineeringStrategyName>Single Table</fwdEngineeringStrategyName>
<growthPercent>0</growthPercent>
<growthType>Year</growthType>
<hierarchicalParent>16C927AB-7949-E12E-84BF-57D2222B7740</hierarchicalParent>
<maxVolumes>9999999</maxVolumes>
<minVolumes>0</minVolumes>
<normalForm>Third</normalForm>
<attributes itemClass="oracle.dbtools.crest.model.design.logical.Attribute">
<Attribute name="id" id="940E0C79-F828-D7D8-36F6-30BC68A25F10">
<createdBy>Darius</createdBy>
<createdTime>2014-11-21 02:03:02 UTC</createdTime>
<ownerDesignName>Minecraft_CM</ownerDesignName>
<engineerTo>
<item key="7C2AE43E-F97A-3824-6212-FCA38BE69E03" value="true"/>
</engineerTo>
<useDomainConstraints>false</useDomainConstraints>
<use>1</use>
<logicalDatatype>LOGDT011</logicalDatatype>
</Attribute>
<Attribute name="durability" id="8EE76EFB-20CE-90B4-527E-019997E8608A">
<createdBy>Darius</createdBy>
<createdTime>2014-11-21 02:03:08 UTC</createdTime>
<ownerDesignName>Minecraft_CM</ownerDesignName>
<engineerTo>
<item key="7C2AE43E-F97A-3824-6212-FCA38BE69E03" value="true"/>
</engineerTo>
<nullsAllowed>true</nullsAllowed>
<useDomainConstraints>false</useDomainConstraints>
<use>1</use>
<logicalDatatype>LOGDT011</logicalDatatype>
</Attribute>
<Attribute name="material_id" id="7AF1B329-B866-9B2C-3310-1D35509600A6">
<createdBy>Darius</createdBy>
<createdTime>2014-11-21 02:06:38 UTC</createdTime>
<generatorID>C222FBCD-42D9-87F2-50FE-DEC81AAC4562</generatorID>
<ownerDesignName>Minecraft_CM</ownerDesignName>
<engineerTo>
<item key="7C2AE43E-F97A-3824-6212-FCA38BE69E03" value="true"/>
</engineerTo>
<nullsAllowed>true</nullsAllowed>
<referedAttribute>BC4185C0-CE27-9EEC-1213-D7AE770DAFCC</referedAttribute>
<useDomainConstraints>false</useDomainConstraints>
<use>1</use>
<logicalDatatype>LOGDT011</logicalDatatype>
</Attribute>
</attributes>
<identifiers itemClass="oracle.dbtools.crest.model.design.logical.CandidateKey">
<identifier id="468570A9-AB3C-12DF-0688-A7B96CEC1E98" name="MC_Tool PK">
<createdBy>Darius</createdBy>
<createdTime>2014-11-21 02:03:07 UTC</createdTime>
<ownerDesignName>Minecraft_CM</ownerDesignName>
<engineerTo>
<item key="7C2AE43E-F97A-3824-6212-FCA38BE69E03" value="true"/>
</engineerTo>
<pk>true</pk>
<usedAttributes>
<attributeRef>940E0C79-F828-D7D8-36F6-30BC68A25F10</attributeRef>
</usedAttributes>
</identifier>
</identifiers>
</Entity>