<?xml version = '1.0' encoding = 'UTF-8'?>
<Entity class="oracle.dbtools.crest.model.design.logical.Entity" directorySegmentName="seg_0" id="7A0136BA-054F-4F1F-CE85-715C2AA6A605" name="MC_Document">
<createdBy>Darius</createdBy>
<createdTime>2014-11-20 23:41:04 UTC</createdTime>
<notes>create or replace &lt;br/&gt;TRIGGER  CREO_document&lt;br/&gt;   before insert or update on CREO_document&lt;br/&gt;   for each row&lt;br/&gt;begin&lt;br/&gt;   if :new.document_id is null then&lt;br/&gt;     select CREO_document_seq.nextval() into :new.document_id from dual;&lt;br/&gt;   end if;&lt;br/&gt;   if inserting then&lt;br/&gt;       :new.created := localtimestamp;&lt;br/&gt;       :new.row_version_number := 1;&lt;br/&gt;   elsif updating then&lt;br/&gt;       :new.row_version_number := nvl(:old.row_version_number,1) + 1;&lt;br/&gt;   end if;&lt;br/&gt;   if inserting or updating then&lt;br/&gt;       :new.updated := localtimestamp;&lt;br/&gt;   end if;&lt;br/&gt;end;</notes>
<ownerDesignName>Minecraft_CM</ownerDesignName>
<engineerTo>
<item key="7C2AE43E-F97A-3824-6212-FCA38BE69E03" value="true"/>
</engineerTo>
<adequatelyNormalized>NO</adequatelyNormalized>
<expectedVolumes>0</expectedVolumes>
<fwdEngineeringStrategyName>Single Table</fwdEngineeringStrategyName>
<growthPercent>0</growthPercent>
<growthType>Year</growthType>
<maxVolumes>9999999</maxVolumes>
<minVolumes>0</minVolumes>
<normalForm>Third</normalForm>
<attributes itemClass="oracle.dbtools.crest.model.design.logical.Attribute">
<Attribute name="id" id="600CD29B-522D-940F-5C88-52A52BBC5806">
<createdBy>Darius</createdBy>
<createdTime>2014-11-20 23:41:04 UTC</createdTime>
<ownerDesignName>Minecraft_CM</ownerDesignName>
<importedID>174F851B-CA02-B2E3-9426-B3E018A2CE45</importedID>
<engineerTo>
<item key="7C2AE43E-F97A-3824-6212-FCA38BE69E03" value="true"/>
</engineerTo>
<useDomainConstraints>false</useDomainConstraints>
<use>1</use>
<logicalDatatype>LOGDT011</logicalDatatype>
</Attribute>
<Attribute name="file_name" id="4E25E0D0-4989-E934-7B04-380BD4E371A5">
<createdBy>Darius</createdBy>
<createdTime>2014-11-20 23:41:04 UTC</createdTime>
<ownerDesignName>Minecraft_CM</ownerDesignName>
<importedID>24C0FCD6-B4F8-8FB0-5657-3D08AC09B83C</importedID>
<engineerTo>
<item key="7C2AE43E-F97A-3824-6212-FCA38BE69E03" value="true"/>
</engineerTo>
<nullsAllowed>true</nullsAllowed>
<useDomainConstraints>false</useDomainConstraints>
<use>1</use>
<logicalDatatype>LOGDT024</logicalDatatype>
<dataTypeSize>4000 BYTE</dataTypeSize>
</Attribute>
<Attribute name="file_mimetype" id="660C3ED1-A9DB-6257-DB68-8BD0DDB5FBE0">
<createdBy>Darius</createdBy>
<createdTime>2014-11-20 23:41:04 UTC</createdTime>
<ownerDesignName>Minecraft_CM</ownerDesignName>
<importedID>95CF4A5A-20B8-7CF9-5FDB-32E29F4132EB</importedID>
<engineerTo>
<item key="7C2AE43E-F97A-3824-6212-FCA38BE69E03" value="true"/>
</engineerTo>
<nullsAllowed>true</nullsAllowed>
<useDomainConstraints>false</useDomainConstraints>
<use>1</use>
<logicalDatatype>LOGDT024</logicalDatatype>
<dataTypeSize>512</dataTypeSize>
</Attribute>
<Attribute name="file_charset" id="6C8ED829-504E-2788-1982-81C4A350FD16">
<createdBy>Darius</createdBy>
<createdTime>2014-11-20 23:41:04 UTC</createdTime>
<ownerDesignName>Minecraft_CM</ownerDesignName>
<importedID>FA5CBB5B-26E1-1CD7-26BD-DA5F232198ED</importedID>
<engineerTo>
<item key="7C2AE43E-F97A-3824-6212-FCA38BE69E03" value="true"/>
</engineerTo>
<nullsAllowed>true</nullsAllowed>
<useDomainConstraints>false</useDomainConstraints>
<use>1</use>
<logicalDatatype>LOGDT024</logicalDatatype>
<dataTypeSize>512</dataTypeSize>
</Attribute>
<Attribute name="file_data" id="B0EDE59A-57A6-204B-B3A0-D878AD8E862F">
<createdBy>Darius</createdBy>
<createdTime>2014-11-20 23:41:04 UTC</createdTime>
<ownerDesignName>Minecraft_CM</ownerDesignName>
<importedID>01DA0F00-BF96-334B-D7DB-D7C2BCBF7E14</importedID>
<engineerTo>
<item key="7C2AE43E-F97A-3824-6212-FCA38BE69E03" value="true"/>
</engineerTo>
<nullsAllowed>true</nullsAllowed>
<useDomainConstraints>false</useDomainConstraints>
<use>1</use>
<logicalDatatype>LOGDT029</logicalDatatype>
</Attribute>
<Attribute name="file_comments" id="F06CEAA3-FD2A-37AD-FF27-BD6EAABA80F0">
<createdBy>Darius</createdBy>
<createdTime>2014-11-20 23:41:04 UTC</createdTime>
<ownerDesignName>Minecraft_CM</ownerDesignName>
<importedID>9B6D746B-849F-5590-ED34-7CB69CB65730</importedID>
<engineerTo>
<item key="7C2AE43E-F97A-3824-6212-FCA38BE69E03" value="true"/>
</engineerTo>
<nullsAllowed>true</nullsAllowed>
<useDomainConstraints>false</useDomainConstraints>
<use>1</use>
<logicalDatatype>LOGDT024</logicalDatatype>
<dataTypeSize>4000</dataTypeSize>
</Attribute>
<Attribute name="tags" id="913D671C-0131-217E-4D90-B5C6C37E56F7">
<createdBy>Darius</createdBy>
<createdTime>2014-11-20 23:41:04 UTC</createdTime>
<ownerDesignName>Minecraft_CM</ownerDesignName>
<importedID>949AD73A-AEC1-EF8A-5831-95EA4565ECBF</importedID>
<engineerTo>
<item key="7C2AE43E-F97A-3824-6212-FCA38BE69E03" value="true"/>
</engineerTo>
<nullsAllowed>true</nullsAllowed>
<useDomainConstraints>false</useDomainConstraints>
<use>1</use>
<logicalDatatype>LOGDT024</logicalDatatype>
<dataTypeSize>4000</dataTypeSize>
</Attribute>
<Attribute name="player_id" id="468EB5FC-4C37-1AAC-345E-D6CE7BD65D25">
<createdBy>Darius</createdBy>
<createdTime>2014-11-21 03:40:58 UTC</createdTime>
<generatorID>57E391BC-25B7-55C4-F1E1-83C095D248F7</generatorID>
<ownerDesignName>Minecraft_CM</ownerDesignName>
<engineerTo>
<item key="7C2AE43E-F97A-3824-6212-FCA38BE69E03" value="true"/>
</engineerTo>
<nullsAllowed>true</nullsAllowed>
<referedAttribute>938F5D39-E073-12A7-C1DD-68F5371F7A61</referedAttribute>
<useDomainConstraints>false</useDomainConstraints>
<use>1</use>
<logicalDatatype>LOGDT011</logicalDatatype>
</Attribute>
</attributes>
<identifiers itemClass="oracle.dbtools.crest.model.design.logical.CandidateKey">
<identifier id="D4D456AB-CACE-0D97-7C2C-FBC25048EF6F" name="MC_Document PK">
<createdBy>Darius</createdBy>
<createdTime>2014-11-20 23:41:04 UTC</createdTime>
<ownerDesignName>Minecraft_CM</ownerDesignName>
<engineerTo>
<item key="7C2AE43E-F97A-3824-6212-FCA38BE69E03" value="true"/>
</engineerTo>
<pk>true</pk>
<usedAttributes>
<attributeRef>600CD29B-522D-940F-5C88-52A52BBC5806</attributeRef>
</usedAttributes>
</identifier>
</identifiers>
</Entity>