<?xml version = '1.0' encoding = 'UTF-8'?>
<Entity class="oracle.dbtools.crest.model.design.logical.Entity" directorySegmentName="seg_0" id="BE1C4DD1-8248-49EB-3A10-3CA99E9E2603" name="MC_Boot">
<createdBy>Darius</createdBy>
<createdTime>2014-11-21 02:21:15 UTC</createdTime>
<ownerDesignName>Minecraft_CM</ownerDesignName>
<engineerTo>
<item key="7C2AE43E-F97A-3824-6212-FCA38BE69E03" value="true"/>
</engineerTo>
<adequatelyNormalized>NO</adequatelyNormalized>
<expectedVolumes>0</expectedVolumes>
<fwdEngineeringStrategyName>Single Table</fwdEngineeringStrategyName>
<growthPercent>0</growthPercent>
<growthType>Year</growthType>
<hierarchicalParent>2335BA31-41A3-230F-0A1E-E668A9BE14CB</hierarchicalParent>
<maxVolumes>9999999</maxVolumes>
<minVolumes>0</minVolumes>
<normalForm>Third</normalForm>
<attributes itemClass="oracle.dbtools.crest.model.design.logical.Attribute">
<Attribute name="id" id="DEAED6D4-C5BE-0B12-E058-F69F56F6E3D0">
<createdBy>Darius</createdBy>
<createdTime>2014-11-21 02:21:45 UTC</createdTime>
<ownerDesignName>Minecraft_CM</ownerDesignName>
<engineerTo>
<item key="7C2AE43E-F97A-3824-6212-FCA38BE69E03" value="true"/>
</engineerTo>
<useDomainConstraints>false</useDomainConstraints>
<use>1</use>
<logicalDatatype>LOGDT011</logicalDatatype>
</Attribute>
</attributes>
<identifiers itemClass="oracle.dbtools.crest.model.design.logical.CandidateKey">
<identifier id="92590055-C369-83BF-C8BF-17B4A35683FF" name="MC_Boot PK">
<createdBy>Darius</createdBy>
<createdTime>2014-11-21 02:21:50 UTC</createdTime>
<ownerDesignName>Minecraft_CM</ownerDesignName>
<engineerTo>
<item key="7C2AE43E-F97A-3824-6212-FCA38BE69E03" value="true"/>
</engineerTo>
<pk>true</pk>
<usedAttributes>
<attributeRef>DEAED6D4-C5BE-0B12-E058-F69F56F6E3D0</attributeRef>
</usedAttributes>
</identifier>
</identifiers>
</Entity>