<?xml version = '1.0' encoding = 'UTF-8'?>
<Entity class="oracle.dbtools.crest.model.design.logical.Entity" directorySegmentName="seg_0" id="C9AC673D-1B1F-52FE-97A5-9A1B7E3CEBCC" name="MC_Weapon">
<createdBy>Darius</createdBy>
<createdTime>2014-11-21 01:35:27 UTC</createdTime>
<ownerDesignName>Minecraft_CM</ownerDesignName>
<engineerTo>
<item key="7C2AE43E-F97A-3824-6212-FCA38BE69E03" value="true"/>
</engineerTo>
<adequatelyNormalized>NO</adequatelyNormalized>
<expectedVolumes>0</expectedVolumes>
<fwdEngineeringStrategyName>Single Table</fwdEngineeringStrategyName>
<growthPercent>0</growthPercent>
<growthType>Year</growthType>
<hierarchicalParent>16C927AB-7949-E12E-84BF-57D2222B7740</hierarchicalParent>
<maxVolumes>9999999</maxVolumes>
<minVolumes>0</minVolumes>
<normalForm>Third</normalForm>
<attributes itemClass="oracle.dbtools.crest.model.design.logical.Attribute">
<Attribute name="id" id="1B677635-4FE7-C678-2453-31EE6DD98DA9">
<createdBy>Darius</createdBy>
<createdTime>2014-11-21 01:35:34 UTC</createdTime>
<ownerDesignName>Minecraft_CM</ownerDesignName>
<engineerTo>
<item key="7C2AE43E-F97A-3824-6212-FCA38BE69E03" value="true"/>
</engineerTo>
<useDomainConstraints>false</useDomainConstraints>
<use>1</use>
<logicalDatatype>LOGDT011</logicalDatatype>
</Attribute>
<Attribute name="durability" id="C4D5FC31-E5CF-5613-2976-345DB68D683E">
<createdBy>Darius</createdBy>
<createdTime>2014-11-21 02:03:51 UTC</createdTime>
<ownerDesignName>Minecraft_CM</ownerDesignName>
<engineerTo>
<item key="7C2AE43E-F97A-3824-6212-FCA38BE69E03" value="true"/>
</engineerTo>
<nullsAllowed>true</nullsAllowed>
<useDomainConstraints>false</useDomainConstraints>
<use>1</use>
<logicalDatatype>LOGDT011</logicalDatatype>
</Attribute>
<Attribute name="damage" id="64F8194E-75F8-DA6C-A6DA-FA165CBF1C71">
<createdBy>Darius</createdBy>
<createdTime>2014-11-21 01:35:53 UTC</createdTime>
<ownerDesignName>Minecraft_CM</ownerDesignName>
<engineerTo>
<item key="7C2AE43E-F97A-3824-6212-FCA38BE69E03" value="true"/>
</engineerTo>
<nullsAllowed>true</nullsAllowed>
<useDomainConstraints>false</useDomainConstraints>
<use>1</use>
<logicalDatatype>LOGDT011</logicalDatatype>
</Attribute>
<Attribute name="material_id" id="3E56D824-A826-285D-8CE5-EDECB404BA3C">
<createdBy>Darius</createdBy>
<createdTime>2014-11-21 02:06:19 UTC</createdTime>
<generatorID>6A00E953-3D61-6367-7E2E-CFAFA3BEC533</generatorID>
<ownerDesignName>Minecraft_CM</ownerDesignName>
<engineerTo>
<item key="7C2AE43E-F97A-3824-6212-FCA38BE69E03" value="true"/>
</engineerTo>
<nullsAllowed>true</nullsAllowed>
<referedAttribute>BC4185C0-CE27-9EEC-1213-D7AE770DAFCC</referedAttribute>
<useDomainConstraints>false</useDomainConstraints>
<use>1</use>
<logicalDatatype>LOGDT011</logicalDatatype>
</Attribute>
</attributes>
<identifiers itemClass="oracle.dbtools.crest.model.design.logical.CandidateKey">
<identifier id="A7855CA4-E659-83FE-2DE4-9F4F54A4B82C" name="MC_Weapon PK">
<createdBy>Darius</createdBy>
<createdTime>2014-11-21 01:35:39 UTC</createdTime>
<ownerDesignName>Minecraft_CM</ownerDesignName>
<engineerTo>
<item key="7C2AE43E-F97A-3824-6212-FCA38BE69E03" value="true"/>
</engineerTo>
<pk>true</pk>
<usedAttributes>
<attributeRef>1B677635-4FE7-C678-2453-31EE6DD98DA9</attributeRef>
</usedAttributes>
</identifier>
</identifiers>
</Entity>