<?xml version = '1.0' encoding = 'UTF-8'?>
<Entity class="oracle.dbtools.crest.model.design.logical.Entity" directorySegmentName="seg_0" id="0FE33607-66FE-9A96-2942-8AC3BDE68C3C" name="MC_Ownership">
<createdBy>Darius</createdBy>
<createdTime>2014-11-21 03:57:51 UTC</createdTime>
<ownerDesignName>Minecraft_LM</ownerDesignName>
<engineerTo>
<item key="16E4F3B8-8F4C-A058-4A8C-F11B68C2E5C7" value="true"/>
</engineerTo>
<adequatelyNormalized>NO</adequatelyNormalized>
<expectedVolumes>0</expectedVolumes>
<fwdEngineeringStrategyName>Single Table</fwdEngineeringStrategyName>
<growthPercent>0</growthPercent>
<growthType>Year</growthType>
<maxVolumes>9999999</maxVolumes>
<minVolumes>0</minVolumes>
<normalForm>Third</normalForm>
<attributes itemClass="oracle.dbtools.crest.model.design.logical.Attribute">
<Attribute name="id" id="2905F446-35CC-182A-2066-7289855BBFCB">
<createdBy>Darius</createdBy>
<createdTime>2014-11-21 03:57:58 UTC</createdTime>
<ownerDesignName>Minecraft_LM</ownerDesignName>
<engineerTo>
<item key="16E4F3B8-8F4C-A058-4A8C-F11B68C2E5C7" value="true"/>
</engineerTo>
<useDomainConstraints>false</useDomainConstraints>
<use>1</use>
<logicalDatatype>LOGDT011</logicalDatatype>
</Attribute>
<Attribute name="avatar_id" id="5EDBF5B9-9F88-74B4-6663-13DA6A040C4F">
<createdBy>Darius</createdBy>
<createdTime>2014-11-21 03:58:10 UTC</createdTime>
<generatorID>7976F4FA-D5EA-D507-4E7D-4F99529061D8</generatorID>
<ownerDesignName>Minecraft_LM</ownerDesignName>
<engineerTo>
<item key="16E4F3B8-8F4C-A058-4A8C-F11B68C2E5C7" value="true"/>
</engineerTo>
<nullsAllowed>true</nullsAllowed>
<referedAttribute>EB42896A-61F3-FD93-EFBF-EA1024E22241</referedAttribute>
<useDomainConstraints>false</useDomainConstraints>
<use>1</use>
<logicalDatatype>LOGDT011</logicalDatatype>
</Attribute>
<Attribute name="chunk_id" id="87ECD220-8FB7-55C3-E983-42C5B6FBEA3D">
<createdBy>Darius</createdBy>
<createdTime>2014-11-21 03:58:26 UTC</createdTime>
<generatorID>513D1198-9F86-DD3F-7071-5CFE4B125B33</generatorID>
<ownerDesignName>Minecraft_LM</ownerDesignName>
<engineerTo>
<item key="16E4F3B8-8F4C-A058-4A8C-F11B68C2E5C7" value="true"/>
</engineerTo>
<nullsAllowed>true</nullsAllowed>
<referedAttribute>692C9511-EBFD-9F96-FADE-FC8C29015EEE</referedAttribute>
<useDomainConstraints>false</useDomainConstraints>
<use>1</use>
<logicalDatatype>LOGDT011</logicalDatatype>
</Attribute>
</attributes>
<identifiers itemClass="oracle.dbtools.crest.model.design.logical.CandidateKey">
<identifier id="0CB72EFD-EFAA-4F5A-57DD-956CAEB06244" name="MC_Ownership PK">
<createdBy>Darius</createdBy>
<createdTime>2014-11-21 03:58:02 UTC</createdTime>
<ownerDesignName>Minecraft_LM</ownerDesignName>
<engineerTo>
<item key="16E4F3B8-8F4C-A058-4A8C-F11B68C2E5C7" value="true"/>
</engineerTo>
<pk>true</pk>
<usedAttributes>
<attributeRef>2905F446-35CC-182A-2066-7289855BBFCB</attributeRef>
</usedAttributes>
</identifier>
</identifiers>
</Entity>