<?xml version = '1.0' encoding = 'UTF-8'?>
<Entity class="oracle.dbtools.crest.model.design.logical.Entity" directorySegmentName="seg_0" id="5F7C3F90-87C9-DEF9-0FD2-042702584FF2" name="MC_Item">
<createdBy>Darius</createdBy>
<createdTime>2014-11-21 03:53:38 UTC</createdTime>
<ownerDesignName>Minecraft_LM</ownerDesignName>
<engineerTo>
<item key="16E4F3B8-8F4C-A058-4A8C-F11B68C2E5C7" value="true"/>
</engineerTo>
<adequatelyNormalized>NO</adequatelyNormalized>
<expectedVolumes>0</expectedVolumes>
<fwdEngineeringStrategyName>Single Table</fwdEngineeringStrategyName>
<growthPercent>0</growthPercent>
<growthType>Year</growthType>
<maxVolumes>9999999</maxVolumes>
<minVolumes>0</minVolumes>
<normalForm>Third</normalForm>
<attributes itemClass="oracle.dbtools.crest.model.design.logical.Attribute">
<Attribute name="id" id="38A16691-DFD5-D160-DBC7-5C4452275CDE">
<createdBy>Darius</createdBy>
<createdTime>2014-11-21 03:53:38 UTC</createdTime>
<ownerDesignName>Minecraft_LM</ownerDesignName>
<importedID>052C68FD-254E-13B0-05FE-239820321142</importedID>
<engineerTo>
<item key="16E4F3B8-8F4C-A058-4A8C-F11B68C2E5C7" value="true"/>
</engineerTo>
<useDomainConstraints>false</useDomainConstraints>
<use>1</use>
<logicalDatatype>LOGDT011</logicalDatatype>
</Attribute>
<Attribute name="type" id="04BED8C3-9B01-358D-5E55-2BE51DC89BFD">
<createdBy>Darius</createdBy>
<createdTime>2014-11-21 04:00:12 UTC</createdTime>
<ownerDesignName>Minecraft_LM</ownerDesignName>
<engineerTo>
<item key="16E4F3B8-8F4C-A058-4A8C-F11B68C2E5C7" value="true"/>
</engineerTo>
<nullsAllowed>true</nullsAllowed>
<useDomainConstraints>false</useDomainConstraints>
<use>1</use>
<logicalDatatype>LOGDT024</logicalDatatype>
<dataTypeSize>64 CHAR</dataTypeSize>
</Attribute>
<Attribute name="name" id="2239424E-5D1D-EE95-0BFF-C917D96E92E4">
<createdBy>Darius</createdBy>
<createdTime>2014-11-21 03:53:38 UTC</createdTime>
<ownerDesignName>Minecraft_LM</ownerDesignName>
<importedID>30FB6C55-8E62-2163-5358-FC5D9E12E388</importedID>
<engineerTo>
<item key="16E4F3B8-8F4C-A058-4A8C-F11B68C2E5C7" value="true"/>
</engineerTo>
<nullsAllowed>true</nullsAllowed>
<useDomainConstraints>false</useDomainConstraints>
<use>1</use>
<logicalDatatype>LOGDT024</logicalDatatype>
<dataTypeSize>64 CHAR</dataTypeSize>
</Attribute>
<Attribute name="amount" id="4B793FBE-C502-2DB5-A6B6-FC225EC6FB8D">
<createdBy>Darius</createdBy>
<createdTime>2014-11-21 03:53:38 UTC</createdTime>
<ownerDesignName>Minecraft_LM</ownerDesignName>
<importedID>5C3B845D-A601-7CC0-8183-420D38EFD581</importedID>
<engineerTo>
<item key="16E4F3B8-8F4C-A058-4A8C-F11B68C2E5C7" value="true"/>
</engineerTo>
<nullsAllowed>true</nullsAllowed>
<useDomainConstraints>false</useDomainConstraints>
<use>1</use>
<logicalDatatype>LOGDT011</logicalDatatype>
</Attribute>
<Attribute name="durability" id="4307DAB1-7EF1-B160-0234-B204247AFF1C">
<createdBy>Darius</createdBy>
<createdTime>2014-11-21 03:55:34 UTC</createdTime>
<ownerDesignName>Minecraft_LM</ownerDesignName>
<engineerTo>
<item key="16E4F3B8-8F4C-A058-4A8C-F11B68C2E5C7" value="true"/>
</engineerTo>
<nullsAllowed>true</nullsAllowed>
<useDomainConstraints>false</useDomainConstraints>
<use>1</use>
<logicalDatatype>LOGDT011</logicalDatatype>
</Attribute>
<Attribute name="damage" id="6FCA5BB8-3D58-438E-EB1E-D6BE18FCF074">
<createdBy>Darius</createdBy>
<createdTime>2014-11-21 03:55:52 UTC</createdTime>
<ownerDesignName>Minecraft_LM</ownerDesignName>
<engineerTo>
<item key="16E4F3B8-8F4C-A058-4A8C-F11B68C2E5C7" value="true"/>
</engineerTo>
<nullsAllowed>true</nullsAllowed>
<useDomainConstraints>false</useDomainConstraints>
<use>1</use>
<logicalDatatype>LOGDT011</logicalDatatype>
</Attribute>
<Attribute name="armor" id="1A50C1DD-059E-3B54-5DA2-5B62144E9543">
<createdBy>Darius</createdBy>
<createdTime>2014-11-21 03:55:59 UTC</createdTime>
<ownerDesignName>Minecraft_LM</ownerDesignName>
<engineerTo>
<item key="16E4F3B8-8F4C-A058-4A8C-F11B68C2E5C7" value="true"/>
</engineerTo>
<nullsAllowed>true</nullsAllowed>
<useDomainConstraints>false</useDomainConstraints>
<use>1</use>
<logicalDatatype>LOGDT011</logicalDatatype>
</Attribute>
<Attribute name="food" id="EF656B6F-7E98-F0AF-D390-5135F90543D4">
<createdBy>Darius</createdBy>
<createdTime>2014-11-21 03:56:03 UTC</createdTime>
<ownerDesignName>Minecraft_LM</ownerDesignName>
<engineerTo>
<item key="16E4F3B8-8F4C-A058-4A8C-F11B68C2E5C7" value="true"/>
</engineerTo>
<nullsAllowed>true</nullsAllowed>
<useDomainConstraints>false</useDomainConstraints>
<use>1</use>
<logicalDatatype>LOGDT011</logicalDatatype>
</Attribute>
<Attribute name="saturation" id="1E9F2E0F-4325-A49D-A6BE-48225ACAE403">
<createdBy>Darius</createdBy>
<createdTime>2014-11-21 03:56:05 UTC</createdTime>
<ownerDesignName>Minecraft_LM</ownerDesignName>
<engineerTo>
<item key="16E4F3B8-8F4C-A058-4A8C-F11B68C2E5C7" value="true"/>
</engineerTo>
<nullsAllowed>true</nullsAllowed>
<useDomainConstraints>false</useDomainConstraints>
<use>1</use>
<logicalDatatype>LOGDT011</logicalDatatype>
</Attribute>
<Attribute name="material_id" id="E81C42B7-E043-359B-39F2-4D98476BC460">
<createdBy>Darius</createdBy>
<createdTime>2014-11-21 03:57:05 UTC</createdTime>
<generatorID>F28E8785-1180-13E2-CDE9-FE1EA491BAC8</generatorID>
<ownerDesignName>Minecraft_LM</ownerDesignName>
<engineerTo>
<item key="16E4F3B8-8F4C-A058-4A8C-F11B68C2E5C7" value="true"/>
</engineerTo>
<nullsAllowed>true</nullsAllowed>
<referedAttribute>DC23B6A5-7FEF-33A5-B044-9B561D85BB43</referedAttribute>
<useDomainConstraints>false</useDomainConstraints>
<use>1</use>
<logicalDatatype>LOGDT011</logicalDatatype>
</Attribute>
<Attribute name="owner_id" id="56CC10C3-3B95-B977-E367-926EF82114F5">
<createdBy>Darius</createdBy>
<createdTime>2014-11-21 03:53:38 UTC</createdTime>
<generatorID>4A5F04A5-0D96-ADB9-11C6-889C2C79A0FC</generatorID>
<ownerDesignName>Minecraft_LM</ownerDesignName>
<importedID>6D312390-913D-BFEC-FD31-A2CA24A3EA32</importedID>
<engineerTo>
<item key="16E4F3B8-8F4C-A058-4A8C-F11B68C2E5C7" value="true"/>
</engineerTo>
<nullsAllowed>true</nullsAllowed>
<referedAttribute>EB42896A-61F3-FD93-EFBF-EA1024E22241</referedAttribute>
<useDomainConstraints>false</useDomainConstraints>
<use>1</use>
<logicalDatatype>LOGDT011</logicalDatatype>
</Attribute>
</attributes>
<identifiers itemClass="oracle.dbtools.crest.model.design.logical.CandidateKey">
<identifier id="5371DEDB-CE55-7F79-6E6A-EE96DF8ECDF1" name="MC_Item PK">
<createdBy>Darius</createdBy>
<createdTime>2014-11-21 03:53:38 UTC</createdTime>
<ownerDesignName>Minecraft_LM</ownerDesignName>
<engineerTo>
<item key="16E4F3B8-8F4C-A058-4A8C-F11B68C2E5C7" value="true"/>
</engineerTo>
<pk>true</pk>
<usedAttributes>
<attributeRef>38A16691-DFD5-D160-DBC7-5C4452275CDE</attributeRef>
</usedAttributes>
</identifier>
</identifiers>
</Entity>