<?xml version = '1.0' encoding = 'UTF-8'?>
<Entity class="oracle.dbtools.crest.model.design.logical.Entity" directorySegmentName="seg_0" id="B5758D33-43C2-CC04-64DC-59B5760B0C84" name="MC_Player">
<createdBy>Darius</createdBy>
<createdTime>2014-11-21 03:53:38 UTC</createdTime>
<ownerDesignName>Minecraft_LM</ownerDesignName>
<engineerTo>
<item key="16E4F3B8-8F4C-A058-4A8C-F11B68C2E5C7" value="true"/>
</engineerTo>
<adequatelyNormalized>NO</adequatelyNormalized>
<expectedVolumes>0</expectedVolumes>
<fwdEngineeringStrategyName>Single Table</fwdEngineeringStrategyName>
<growthPercent>0</growthPercent>
<growthType>Year</growthType>
<maxVolumes>9999999</maxVolumes>
<minVolumes>0</minVolumes>
<normalForm>Third</normalForm>
<attributes itemClass="oracle.dbtools.crest.model.design.logical.Attribute">
<Attribute name="id" id="6439C541-9CA9-BB7C-423B-3824896FB624">
<createdBy>Darius</createdBy>
<createdTime>2014-11-21 03:53:38 UTC</createdTime>
<ownerDesignName>Minecraft_LM</ownerDesignName>
<importedID>938F5D39-E073-12A7-C1DD-68F5371F7A61</importedID>
<engineerTo>
<item key="16E4F3B8-8F4C-A058-4A8C-F11B68C2E5C7" value="true"/>
</engineerTo>
<useDomainConstraints>false</useDomainConstraints>
<use>1</use>
<logicalDatatype>LOGDT011</logicalDatatype>
</Attribute>
<Attribute name="first_name" id="B8CBD85A-A2FE-7582-E0A6-AC727F3F5D01">
<createdBy>Darius</createdBy>
<createdTime>2014-11-21 03:53:38 UTC</createdTime>
<ownerDesignName>Minecraft_LM</ownerDesignName>
<importedID>050E08FF-12D6-F5BC-2D2C-681F8857ADFB</importedID>
<engineerTo>
<item key="16E4F3B8-8F4C-A058-4A8C-F11B68C2E5C7" value="true"/>
</engineerTo>
<nullsAllowed>true</nullsAllowed>
<useDomainConstraints>false</useDomainConstraints>
<use>1</use>
<logicalDatatype>LOGDT024</logicalDatatype>
<dataTypeSize>64 CHAR</dataTypeSize>
</Attribute>
<Attribute name="last_name" id="0299F01E-A76F-BBAD-B4D5-DE5DA2B32093">
<createdBy>Darius</createdBy>
<createdTime>2014-11-21 03:53:38 UTC</createdTime>
<ownerDesignName>Minecraft_LM</ownerDesignName>
<importedID>9514E63D-58C9-12BB-FAF4-42D511308D9A</importedID>
<engineerTo>
<item key="16E4F3B8-8F4C-A058-4A8C-F11B68C2E5C7" value="true"/>
</engineerTo>
<nullsAllowed>true</nullsAllowed>
<useDomainConstraints>false</useDomainConstraints>
<use>1</use>
<logicalDatatype>LOGDT024</logicalDatatype>
<dataTypeSize>64 CHAR</dataTypeSize>
</Attribute>
<Attribute name="ip_address" id="037FD722-A0EE-CB36-9C8A-3AB0CD3187B3">
<createdBy>Darius</createdBy>
<createdTime>2014-11-21 03:53:38 UTC</createdTime>
<ownerDesignName>Minecraft_LM</ownerDesignName>
<importedID>774183B5-C10C-B2C3-3027-E23640E1D8C8</importedID>
<engineerTo>
<item key="16E4F3B8-8F4C-A058-4A8C-F11B68C2E5C7" value="true"/>
</engineerTo>
<nullsAllowed>true</nullsAllowed>
<useDomainConstraints>false</useDomainConstraints>
<use>1</use>
<logicalDatatype>LOGDT024</logicalDatatype>
<dataTypeSize>16 CHAR</dataTypeSize>
</Attribute>
<Attribute name="default_lang" id="4758BE3F-591D-B896-D9EE-1E0D4C3BA269">
<createdBy>Darius</createdBy>
<createdTime>2014-11-21 03:53:38 UTC</createdTime>
<ownerDesignName>Minecraft_LM</ownerDesignName>
<importedID>4F8C02A5-A0BF-D49A-2179-820B3D3C2724</importedID>
<engineerTo>
<item key="16E4F3B8-8F4C-A058-4A8C-F11B68C2E5C7" value="true"/>
</engineerTo>
<nullsAllowed>true</nullsAllowed>
<useDomainConstraints>false</useDomainConstraints>
<use>1</use>
<logicalDatatype>LOGDT024</logicalDatatype>
<dataTypeSize>64 CHAR</dataTypeSize>
</Attribute>
<Attribute name="avatar_id" id="B8DFDECD-FE63-3A24-8E03-8A70A5E1A6A2">
<createdBy>Darius</createdBy>
<createdTime>2014-11-21 03:53:38 UTC</createdTime>
<generatorID>44139FCC-1C0A-0544-AC90-5FCB638357D1</generatorID>
<ownerDesignName>Minecraft_LM</ownerDesignName>
<importedID>C508C201-7318-2AAF-2B31-EDC282CDE072</importedID>
<engineerTo>
<item key="16E4F3B8-8F4C-A058-4A8C-F11B68C2E5C7" value="true"/>
</engineerTo>
<nullsAllowed>true</nullsAllowed>
<referedAttribute>EB42896A-61F3-FD93-EFBF-EA1024E22241</referedAttribute>
<useDomainConstraints>false</useDomainConstraints>
<use>1</use>
<logicalDatatype>LOGDT011</logicalDatatype>
</Attribute>
</attributes>
<identifiers itemClass="oracle.dbtools.crest.model.design.logical.CandidateKey">
<identifier id="7CB048BD-8D8F-FC12-DBCF-4E43A4813E75" name="MC_Player PK">
<createdBy>Darius</createdBy>
<createdTime>2014-11-21 03:53:38 UTC</createdTime>
<ownerDesignName>Minecraft_LM</ownerDesignName>
<engineerTo>
<item key="16E4F3B8-8F4C-A058-4A8C-F11B68C2E5C7" value="true"/>
</engineerTo>
<pk>true</pk>
<usedAttributes>
<attributeRef>6439C541-9CA9-BB7C-423B-3824896FB624</attributeRef>
</usedAttributes>
</identifier>
</identifiers>
</Entity>