<?xml version = '1.0' encoding = 'UTF-8'?>
<Entity class="oracle.dbtools.crest.model.design.logical.Entity" directorySegmentName="seg_0" id="CB154279-ADB8-6EE3-7F7D-3AFEB2D71B99" name="MC_Document">
<createdBy>Darius</createdBy>
<createdTime>2014-11-21 03:53:38 UTC</createdTime>
<notes>create or replace &lt;br/&gt;TRIGGER  CREO_document&lt;br/&gt;   before insert or update on CREO_document&lt;br/&gt;   for each row&lt;br/&gt;begin&lt;br/&gt;   if :new.document_id is null then&lt;br/&gt;     select CREO_document_seq.nextval() into :new.document_id from dual;&lt;br/&gt;   end if;&lt;br/&gt;   if inserting then&lt;br/&gt;       :new.created := localtimestamp;&lt;br/&gt;       :new.row_version_number := 1;&lt;br/&gt;   elsif updating then&lt;br/&gt;       :new.row_version_number := nvl(:old.row_version_number,1) + 1;&lt;br/&gt;   end if;&lt;br/&gt;   if inserting or updating then&lt;br/&gt;       :new.updated := localtimestamp;&lt;br/&gt;   end if;&lt;br/&gt;end;</notes>
<ownerDesignName>Minecraft_LM</ownerDesignName>
<engineerTo>
<item key="16E4F3B8-8F4C-A058-4A8C-F11B68C2E5C7" value="true"/>
</engineerTo>
<adequatelyNormalized>NO</adequatelyNormalized>
<expectedVolumes>0</expectedVolumes>
<fwdEngineeringStrategyName>Single Table</fwdEngineeringStrategyName>
<growthPercent>0</growthPercent>
<growthType>Year</growthType>
<maxVolumes>9999999</maxVolumes>
<minVolumes>0</minVolumes>
<normalForm>Third</normalForm>
<attributes itemClass="oracle.dbtools.crest.model.design.logical.Attribute">
<Attribute name="id" id="6EF9010C-89FB-5320-F05A-423C38008611">
<createdBy>Darius</createdBy>
<createdTime>2014-11-21 03:53:38 UTC</createdTime>
<ownerDesignName>Minecraft_LM</ownerDesignName>
<importedID>600CD29B-522D-940F-5C88-52A52BBC5806</importedID>
<engineerTo>
<item key="16E4F3B8-8F4C-A058-4A8C-F11B68C2E5C7" value="true"/>
</engineerTo>
<useDomainConstraints>false</useDomainConstraints>
<use>1</use>
<logicalDatatype>LOGDT011</logicalDatatype>
</Attribute>
<Attribute name="file_name" id="7B45440B-42DF-E9C3-ED77-527C5AD901CE">
<createdBy>Darius</createdBy>
<createdTime>2014-11-21 03:53:38 UTC</createdTime>
<ownerDesignName>Minecraft_LM</ownerDesignName>
<importedID>4E25E0D0-4989-E934-7B04-380BD4E371A5</importedID>
<engineerTo>
<item key="16E4F3B8-8F4C-A058-4A8C-F11B68C2E5C7" value="true"/>
</engineerTo>
<nullsAllowed>true</nullsAllowed>
<useDomainConstraints>false</useDomainConstraints>
<use>1</use>
<logicalDatatype>LOGDT024</logicalDatatype>
<dataTypeSize>4000 BYTE</dataTypeSize>
</Attribute>
<Attribute name="file_mimetype" id="B4716E50-455C-952E-9B58-2B94FDDF8EEE">
<createdBy>Darius</createdBy>
<createdTime>2014-11-21 03:53:38 UTC</createdTime>
<ownerDesignName>Minecraft_LM</ownerDesignName>
<importedID>660C3ED1-A9DB-6257-DB68-8BD0DDB5FBE0</importedID>
<engineerTo>
<item key="16E4F3B8-8F4C-A058-4A8C-F11B68C2E5C7" value="true"/>
</engineerTo>
<nullsAllowed>true</nullsAllowed>
<useDomainConstraints>false</useDomainConstraints>
<use>1</use>
<logicalDatatype>LOGDT024</logicalDatatype>
<dataTypeSize>512</dataTypeSize>
</Attribute>
<Attribute name="file_charset" id="FFCA75FF-17C3-010A-1B9E-AEC94038A42D">
<createdBy>Darius</createdBy>
<createdTime>2014-11-21 03:53:38 UTC</createdTime>
<ownerDesignName>Minecraft_LM</ownerDesignName>
<importedID>6C8ED829-504E-2788-1982-81C4A350FD16</importedID>
<engineerTo>
<item key="16E4F3B8-8F4C-A058-4A8C-F11B68C2E5C7" value="true"/>
</engineerTo>
<nullsAllowed>true</nullsAllowed>
<useDomainConstraints>false</useDomainConstraints>
<use>1</use>
<logicalDatatype>LOGDT024</logicalDatatype>
<dataTypeSize>512</dataTypeSize>
</Attribute>
<Attribute name="file_data" id="85311D36-2AD0-B051-F09C-BE44D5AB8857">
<createdBy>Darius</createdBy>
<createdTime>2014-11-21 03:53:38 UTC</createdTime>
<ownerDesignName>Minecraft_LM</ownerDesignName>
<importedID>B0EDE59A-57A6-204B-B3A0-D878AD8E862F</importedID>
<engineerTo>
<item key="16E4F3B8-8F4C-A058-4A8C-F11B68C2E5C7" value="true"/>
</engineerTo>
<nullsAllowed>true</nullsAllowed>
<useDomainConstraints>false</useDomainConstraints>
<use>1</use>
<logicalDatatype>LOGDT029</logicalDatatype>
</Attribute>
<Attribute name="file_comments" id="A1D6309C-EDBC-B90A-1F42-32B4D0026695">
<createdBy>Darius</createdBy>
<createdTime>2014-11-21 03:53:38 UTC</createdTime>
<ownerDesignName>Minecraft_LM</ownerDesignName>
<importedID>F06CEAA3-FD2A-37AD-FF27-BD6EAABA80F0</importedID>
<engineerTo>
<item key="16E4F3B8-8F4C-A058-4A8C-F11B68C2E5C7" value="true"/>
</engineerTo>
<nullsAllowed>true</nullsAllowed>
<useDomainConstraints>false</useDomainConstraints>
<use>1</use>
<logicalDatatype>LOGDT024</logicalDatatype>
<dataTypeSize>4000</dataTypeSize>
</Attribute>
<Attribute name="tags" id="5465990C-36A6-1E56-AB16-970217F359FF">
<createdBy>Darius</createdBy>
<createdTime>2014-11-21 03:53:38 UTC</createdTime>
<ownerDesignName>Minecraft_LM</ownerDesignName>
<importedID>913D671C-0131-217E-4D90-B5C6C37E56F7</importedID>
<engineerTo>
<item key="16E4F3B8-8F4C-A058-4A8C-F11B68C2E5C7" value="true"/>
</engineerTo>
<nullsAllowed>true</nullsAllowed>
<useDomainConstraints>false</useDomainConstraints>
<use>1</use>
<logicalDatatype>LOGDT024</logicalDatatype>
<dataTypeSize>4000</dataTypeSize>
</Attribute>
<Attribute name="player_id" id="AAB2F662-F79F-0268-280F-4B8CEBA4568A">
<createdBy>Darius</createdBy>
<createdTime>2014-11-21 03:53:38 UTC</createdTime>
<generatorID>38FA29C7-BA15-3E4F-E375-00B9C741B4BE</generatorID>
<ownerDesignName>Minecraft_LM</ownerDesignName>
<importedID>468EB5FC-4C37-1AAC-345E-D6CE7BD65D25</importedID>
<engineerTo>
<item key="16E4F3B8-8F4C-A058-4A8C-F11B68C2E5C7" value="true"/>
</engineerTo>
<nullsAllowed>true</nullsAllowed>
<referedAttribute>6439C541-9CA9-BB7C-423B-3824896FB624</referedAttribute>
<useDomainConstraints>false</useDomainConstraints>
<use>1</use>
<logicalDatatype>LOGDT011</logicalDatatype>
</Attribute>
</attributes>
<identifiers itemClass="oracle.dbtools.crest.model.design.logical.CandidateKey">
<identifier id="C9B6F839-3FE3-5076-8B85-8EC9F3F6AADB" name="MC_Document PK">
<createdBy>Darius</createdBy>
<createdTime>2014-11-21 03:53:38 UTC</createdTime>
<ownerDesignName>Minecraft_LM</ownerDesignName>
<engineerTo>
<item key="16E4F3B8-8F4C-A058-4A8C-F11B68C2E5C7" value="true"/>
</engineerTo>
<pk>true</pk>
<usedAttributes>
<attributeRef>6EF9010C-89FB-5320-F05A-423C38008611</attributeRef>
</usedAttributes>
</identifier>
</identifiers>
</Entity>