<?xml version = '1.0' encoding = 'UTF-8'?>
<FKIndexAssociation class="oracle.dbtools.crest.model.design.relational.FKIndexAssociation" directorySegmentName="seg_0" id="1547B7D6-7C7F-20F8-EFC9-49E3A3F8F75A" name="MC_Player_MC_Avatar_FK">
<createdBy>Darius</createdBy>
<createdTime>2014-11-21 04:02:33 UTC</createdTime>
<generatorID>44139FCC-1C0A-0544-AC90-5FCB638357D1</generatorID>
<ownerDesignName>Minecraft_LM</ownerDesignName>
<containerWithKeyObject>D7310020-6063-E2F1-0BD4-F6DE8D43FDF0</containerWithKeyObject>
<deleteRule>NO ACTION</deleteRule>
<localFKIndex>595320CE-B0E0-94FD-DD43-00949AA0E547</localFKIndex>
<keyObject>8C48A268-A601-7B6E-43F9-1FF798F0CDDB</keyObject>
<mandatory>false</mandatory>
<transferable>true</transferable>
<columnDependencyConstraintGenerateInDDL>true</columnDependencyConstraintGenerateInDDL>
</FKIndexAssociation>