<?xml version = '1.0' encoding = 'UTF-8'?>
<FKIndexAssociation class="oracle.dbtools.crest.model.design.relational.FKIndexAssociation" directorySegmentName="seg_0" id="3456D824-2A5B-C699-4BB6-396BFAEEEAAC" name="MC_Item_MC_Avatar_FK">
<createdBy>Darius</createdBy>
<createdTime>2014-11-21 04:02:33 UTC</createdTime>
<generatorID>4A5F04A5-0D96-ADB9-11C6-889C2C79A0FC</generatorID>
<ownerDesignName>Minecraft_LM</ownerDesignName>
<containerWithKeyObject>A12C3156-53EF-9F9F-884E-8CC86809C9EA</containerWithKeyObject>
<deleteRule>NO ACTION</deleteRule>
<localFKIndex>146830F8-9C46-424F-A4D5-6F6C281E29D5</localFKIndex>
<keyObject>8C48A268-A601-7B6E-43F9-1FF798F0CDDB</keyObject>
<mandatory>false</mandatory>
<transferable>true</transferable>
<columnDependencyConstraintGenerateInDDL>true</columnDependencyConstraintGenerateInDDL>
</FKIndexAssociation>