<?xml version = '1.0' encoding = 'UTF-8'?>
<FKIndexAssociation class="oracle.dbtools.crest.model.design.relational.FKIndexAssociation" directorySegmentName="seg_0" id="75111A73-66CF-C359-A036-B773E62BC45B" name="MC_Document_MC_Player_FK">
<createdBy>Darius</createdBy>
<createdTime>2014-11-21 04:02:33 UTC</createdTime>
<generatorID>38FA29C7-BA15-3E4F-E375-00B9C741B4BE</generatorID>
<ownerDesignName>Minecraft_LM</ownerDesignName>
<containerWithKeyObject>7536F785-1AFD-3FE2-B28F-F0E0D9E1557B</containerWithKeyObject>
<deleteRule>NO ACTION</deleteRule>
<localFKIndex>354CC800-E681-B72C-DF0C-8177BD07F232</localFKIndex>
<keyObject>DA5A5DE5-E81C-BC2C-3552-2A5DD221DA50</keyObject>
<mandatory>false</mandatory>
<transferable>true</transferable>
<columnDependencyConstraintGenerateInDDL>true</columnDependencyConstraintGenerateInDDL>
</FKIndexAssociation>