<?xml version = '1.0' encoding = 'UTF-8'?>
<FKIndexAssociation class="oracle.dbtools.crest.model.design.relational.FKIndexAssociation" directorySegmentName="seg_0" id="7E8BD227-F9C0-E270-2331-44D1620044E1" name="MC_Avatar_MC_Player_FK">
<createdBy>Darius</createdBy>
<createdTime>2014-11-21 04:02:33 UTC</createdTime>
<generatorID>44139FCC-1C0A-0544-AC90-5FCB638357D1</generatorID>
<ownerDesignName>Minecraft_LM</ownerDesignName>
<containerWithKeyObject>4100CCD6-8C8A-CA19-4F9C-8CBEF0D9DBD0</containerWithKeyObject>
<deleteRule>NO ACTION</deleteRule>
<localFKIndex>85F48873-0BEB-B2EE-630C-22BFD9300848</localFKIndex>
<keyObject>DA5A5DE5-E81C-BC2C-3552-2A5DD221DA50</keyObject>
<mandatory>false</mandatory>
<transferable>true</transferable>
<columnDependencyConstraintGenerateInDDL>true</columnDependencyConstraintGenerateInDDL>
</FKIndexAssociation>