<?xml version = '1.0' encoding = 'UTF-8'?>
<FKIndexAssociation class="oracle.dbtools.crest.model.design.relational.FKIndexAssociation" directorySegmentName="seg_0" id="C29A3E9B-FC5C-EAB7-0EC5-DF34A523617F" name="MC_Item_MC_Material_FK">
<createdBy>Darius</createdBy>
<createdTime>2014-11-21 04:02:33 UTC</createdTime>
<generatorID>F28E8785-1180-13E2-CDE9-FE1EA491BAC8</generatorID>
<ownerDesignName>Minecraft_LM</ownerDesignName>
<containerWithKeyObject>A12C3156-53EF-9F9F-884E-8CC86809C9EA</containerWithKeyObject>
<deleteRule>NO ACTION</deleteRule>
<localFKIndex>80F0286A-5155-B90F-AE39-543258F91BC5</localFKIndex>
<keyObject>9B3B6096-DD72-1792-D085-D28D3F639450</keyObject>
<mandatory>false</mandatory>
<transferable>true</transferable>
<columnDependencyConstraintGenerateInDDL>true</columnDependencyConstraintGenerateInDDL>
</FKIndexAssociation>