<?xml version = '1.0' encoding = 'UTF-8'?>
<FKIndexAssociation class="oracle.dbtools.crest.model.design.relational.FKIndexAssociation" directorySegmentName="seg_0" id="D36DE736-FD7A-75DC-06FB-40A39DBEEE4C" name="MC_Ownership_MC_Chunk_FK">
<createdBy>Darius</createdBy>
<createdTime>2014-11-21 04:02:33 UTC</createdTime>
<generatorID>513D1198-9F86-DD3F-7071-5CFE4B125B33</generatorID>
<ownerDesignName>Minecraft_LM</ownerDesignName>
<containerWithKeyObject>72645915-D8D2-DBAA-6232-5EB023E2AF1E</containerWithKeyObject>
<deleteRule>NO ACTION</deleteRule>
<localFKIndex>4389ED06-52C5-E86C-30B4-8EE78F9BE329</localFKIndex>
<keyObject>8FC2046F-CD65-BD35-228A-A76AC4EFD83F</keyObject>
<mandatory>false</mandatory>
<transferable>true</transferable>
<columnDependencyConstraintGenerateInDDL>true</columnDependencyConstraintGenerateInDDL>
</FKIndexAssociation>