<?xml version = '1.0' encoding = 'UTF-8'?>
<FKIndexAssociation class="oracle.dbtools.crest.model.design.relational.FKIndexAssociation" directorySegmentName="seg_0" id="F2446C0A-6519-D741-0533-DCB01FE06588" name="MC_Ownership_MC_Avatar_FK">
<createdBy>Darius</createdBy>
<createdTime>2014-11-21 04:02:33 UTC</createdTime>
<generatorID>7976F4FA-D5EA-D507-4E7D-4F99529061D8</generatorID>
<ownerDesignName>Minecraft_LM</ownerDesignName>
<containerWithKeyObject>72645915-D8D2-DBAA-6232-5EB023E2AF1E</containerWithKeyObject>
<deleteRule>NO ACTION</deleteRule>
<localFKIndex>9785E3AA-EE0B-2F1F-9A43-A13585953503</localFKIndex>
<keyObject>8C48A268-A601-7B6E-43F9-1FF798F0CDDB</keyObject>
<mandatory>false</mandatory>
<transferable>true</transferable>
<columnDependencyConstraintGenerateInDDL>true</columnDependencyConstraintGenerateInDDL>
</FKIndexAssociation>